zip,fips,state,county,population
1002,25015,MA,Hampshire,158180
1085,25013,MA,Hampden,462760
1201,25003,MA,Berkshire,127932
1301,25011,MA,Franklin,69941
1453,25027,MA,Worcester,861635
1960,25009,MA,Essex,807230
2148,25017,MA,Middlesex,1613655
2151,25025,MA,Suffolk,777732
2169,25021,MA,Norfolk,737720
2301,25023,MA,Plymouth,529859
2536,25001,MA,Barnstable,231302
2554,25019,MA,Nantucket,14299
2568,25007,MA,Dukes,21552
2780,25005,MA,Bristol,578416
2809,44001,RI,Bristol,50568
2816,44003,RI,Kent,170588
2840,44005,RI,Newport,85095
2852,44009,RI,Washington,130073
2860,44007,RI,Providence,659067
3038,33015,NH,Rockingham,317163
3103,33011,NH,Hillsborough,424776
3246,33001,NH,Belknap,60183
3301,33013,NH,Merrimack,159184
3431,33005,NH,Cheshire,77660
3570,33007,NH,Coos,31437
3743,33019,NH,Sullivan,42687
3766,33009,NH,Grafton,91815
3820,33017,NH,Strafford,132110
3894,33003,NH,Carroll,50892
4005,23031,ME,York,214731
4103,23005,ME,Cumberland,306413
4240,23001,ME,Androscoggin,112323
4270,23017,ME,Oxford,59019
4401,23019,ME,Penobscot,145362
4426,23021,ME,Piscataquis,21390
4530,23023,ME,Sagadahoc,37093
4572,23015,ME,Lincoln,35840
4605,23009,ME,Hancock,59374
4654,23029,ME,Washington,31623
4730,23003,ME,Aroostook,67747
4841,23013,ME,Knox,40860
4901,23011,ME,Kennebec,125584
4915,23027,ME,Waldo,40036
4938,23007,ME,Franklin,29308
4976,23025,ME,Somerset,50624
5001,50027,VT,Windsor,58590
5060,50017,VT,Orange,30253
5201,50003,VT,Bennington,36819
5301,50025,VT,Windham,45523
5401,50007,VT,Chittenden,171272
5458,50013,VT,Grand Isle,7393
5478,50011,VT,Franklin,46669
5641,50023,VT,Washington,60133
5661,50015,VT,Lamoille,27175
5701,50021,VT,Rutland,61667
5753,50001,VT,Addison,36256
5819,50005,VT,Caledonia,29480
5855,50019,VT,Orleans,27593
5906,50009,VT,Essex,6431
6010,9003,CT,Hartford,815238
6066,9013,CT,Tolland,154185
6226,9015,CT,Windham,115737
6360,9011,CT,New London,269015
6457,9007,CT,Middlesex,164337
6516,9009,CT,New Haven,862028
6790,9005,CT,Litchfield,183807
6902,9001,CT,Fairfield,1034001
7055,34031,NJ,Passaic,517129
7083,34039,NJ,Union,595145
7111,34013,NJ,Essex,855186
7305,34017,NJ,Hudson,710478
7601,34003,NJ,Bergen,954717
7728,34025,NJ,Monmouth,627831
7840,34041,NJ,Warren,116078
7860,34037,NJ,Sussex,146207
7960,34027,NJ,Morris,499633
8053,34005,NJ,Burlington,460002
8069,34033,NJ,Salem,66086
8081,34007,NJ,Camden,538092
8094,34015,NJ,Gloucester,286206
8210,34009,NJ,Cape May,96045
8234,34001,NJ,Atlantic,272775
8302,34011,NJ,Cumberland,157774
8540,34021,NJ,Mercer,393958
8701,34029,NJ,Ocean,644819
8822,34019,NJ,Hunterdon,132353
8854,34023,NJ,Middlesex,871399
8873,34035,NJ,Somerset,325101
10025,36061,NY,New York,1617259
10314,36085,NY,Richmond,492734
10467,36005,NY,Bronx,1426241
10541,36079,NY,Putnam,99034
10701,36119,NY,Westchester,995311
10950,36071,NY,Orange,392790
10977,36087,NY,Rockland,338936
11208,36047,NY,Kings,2646164
11368,36081,NY,Queens,2327864
11550,36059,NY,Nassau,1367166
11706,36103,NY,Suffolk,1470036
12010,36057,NY,Montgomery,51662
12043,36095,NY,Schoharie,30202
12065,36091,NY,Saratoga,232757
12078,36035,NY,Fulton,52166
12134,36041,NY,Hamilton,8892
12180,36083,NY,Rensselaer,159605
12203,36001,NY,Albany,324723
12309,36093,NY,Schenectady,149553
12401,36111,NY,Ulster,194190
12414,36039,NY,Greene,49781
12534,36021,NY,Columbia,58760
12601,36027,NY,Dutchess,299449
12701,36105,NY,Sullivan,76779
12804,36113,NY,Warren,65682
12839,36115,NY,Washington,66034
12901,36019,NY,Clinton,78136
12946,36031,NY,Essex,34654
12953,36033,NY,Franklin,50921
13021,36011,NY,Cayuga,73457
13027,36067,NY,Onondaga,466333
13032,36053,NY,Madison,76989
13045,36023,NY,Cortland,46902
13126,36075,NY,Oswego,117988
13148,36099,NY,Seneca,30627
13357,36043,NY,Herkimer,52123
13367,36049,NY,Lewis,25917
13440,36065,NY,Oneida,231191
13601,36045,NY,Jefferson,116854
13662,36089,NY,St. Lawrence,105944
13760,36007,NY,Broome,201971
13815,36017,NY,Chenango,41267
13820,36077,NY,Otsego,68412
13827,36107,NY,Tioga,48348
13856,36025,NY,Delaware,38452
14011,36121,NY,Wyoming,39787
14020,36037,NY,Genesee,58605
14094,36063,NY,Niagara,210970
14221,36029,NY,Erie,950282
14411,36073,NY,Orleans,39345
14424,36069,NY,Ontario,114050
14454,36051,NY,Livingston,59600
14513,36117,NY,Wayne,94390
14527,36123,NY,Yates,25525
14580,36055,NY,Monroe,754156
14701,36013,NY,Chautauqua,125219
14760,36009,NY,Cattaraugus,75423
14830,36101,NY,Steuben,91909
14845,36015,NY,Chemung,81069
14850,36109,NY,Tompkins,103667
14891,36097,NY,Schuyler,16727
14895,36003,NY,Allegany,48783
15001,42007,PA,Beaver,163630
15237,42003,PA,Allegheny,1220633
15301,42125,PA,Washington,224978
15370,42059,PA,Greene,35268
15401,42051,PA,Fayette,113753
15501,42111,PA,Somerset,73342
15522,42009,PA,Bedford,46380
15601,42129,PA,Westmoreland,362416
15701,42063,PA,Indiana,85519
15767,42065,PA,Jefferson,46604
15801,42033,PA,Clearfield,74866
15834,42023,PA,Cameron,4475
15857,42047,PA,Elk,30578
15905,42021,PA,Cambria,132751
16001,42019,PA,Butler,201769
16101,42073,PA,Lawrence,86238
16125,42085,PA,Mercer,110217
16201,42005,PA,Armstrong,63159
16214,42031,PA,Clarion,36476
16239,42053,PA,Forest,7275
16301,42121,PA,Venango,58239
16335,42039,PA,Crawford,76312
16365,42123,PA,Warren,36403
16509,42049,PA,Erie,272769
16601,42013,PA,Blair,124187
16652,42061,PA,Huntingdon,43487
16701,42083,PA,McKean,39800
16801,42027,PA,Centre,162400
16901,42117,PA,Tioga,41509
16915,42105,PA,Potter,16855
17020,42099,PA,Perry,48508
17042,42075,PA,Lebanon,147111
17044,42087,PA,Mifflin,46611
17050,42041,PA,Cumberland,270283
17059,42067,PA,Juniata,20011
17112,42043,PA,Dauphin,282938
17202,42055,PA,Franklin,146714
17233,42057,PA,Fulton,14168
17325,42001,PA,Adams,95244
17331,42133,PA,York,473332
17603,42071,PA,Lancaster,555236
17701,42081,PA,Lycoming,119890
17745,42035,PA,Clinton,35544
17801,42097,PA,Northumberland,83528
17815,42037,PA,Columbia,72562
17821,42093,PA,Montour,21499
17837,42119,PA,Union,36644
17870,42109,PA,Snyder,40024
17901,42107,PA,Schuylkill,139272
18042,42095,PA,Northampton,308107
18102,42077,PA,Lehigh,381614
18235,42025,PA,Carbon,66275
18337,42103,PA,Pike,61840
18360,42089,PA,Monroe,167483
18411,42069,PA,Lackawanna,215280
18436,42127,PA,Wayne,46157
18614,42113,PA,Sullivan,5487
18657,42131,PA,Wyoming,21089
18702,42079,PA,Luzerne,323702
18801,42115,PA,Susquehanna,43961
18840,42015,PA,Bradford,61964
19020,42017,PA,Bucks,632999
19082,42045,PA,Delaware,579430
19124,42101,PA,Philadelphia,1582836
19320,42029,PA,Chester,573346
19446,42091,PA,Montgomery,837490
19601,42011,PA,Berks,436049
19720,10003,DE,New Castle,568543
19901,10001,DE,Kent,179028
19966,10005,DE,Sussex,258676
20002,11001,DC,District of Columbia,672211
20106,51157,VA,Rappahannock,9859
20110,51683,VA,Manassas,49452
20147,51107,VA,Loudoun,425337
20187,51061,VA,Fauquier,72376
20603,24017,MD,Charles,168624
20653,24037,MD,St. Mary's,112761
20657,24009,MD,Calvert,90942
20744,24033,MD,Prince George's,947386
20906,24031,MD,Montgomery,1068171
21014,24025,MD,Harford,261316
21043,24027,MD,Howard,333217
21122,24003,MD,Anne Arundel,605271
21157,24013,MD,Carroll,157920
21234,24005,MD,Baltimore,1416586
21502,24001,MD,Allegany,66558
21550,24023,MD,Garrett,29917
21601,24041,MD,Talbot,37285
21613,24019,MD,Dorchester,31123
21620,24029,MD,Kent,24053
21629,24011,MD,Caroline,32666
21666,24035,MD,Queen Anne's,48439
21702,24021,MD,Frederick,292641
21740,24043,MD,Washington,159040
21804,24045,MD,Wicomico,105474
21811,24047,MD,Worcester,53358
21853,24039,MD,Somerset,23249
21921,24015,MD,Cecil,104366
22030,51059,VA,Fairfax,2338436
22046,51610,VA,Falls Church,18117
22193,51153,VA,Prince William,489650
22204,51013,VA,Arlington,235967
22304,51510,VA,Alexandria,153441
22401,51630,VA,Fredericksburg,28201
22407,51177,VA,Spotsylvania,138986
22443,51193,VA,Westmoreland,17977
22473,51133,VA,Northumberland,14118
22485,51099,VA,King George,27468
22503,51103,VA,Lancaster,9004
22508,51137,VA,Orange,32130
22546,51033,VA,Caroline,30391
22554,51179,VA,Stafford,166514
22560,51057,VA,Essex,10332
22601,51840,VA,Winchester,29385
22602,51069,VA,Frederick,91184
22611,51043,VA,Clarke,16992
22630,51187,VA,Warren,41211
22657,51171,VA,Shenandoah,45183
22701,51047,VA,Culpeper,52058
22727,51113,VA,Madison,13460
22801,51165,VA,Rockingham,127861
22807,51660,VA,Harrisonburg,5520
22835,51139,VA,Page,23541
22903,51003,VA,Albemarle,158898
22908,51540,VA,Charlottesville,0
22920,51125,VA,Nelson,17597
22963,51065,VA,Fluvanna,25271
22968,51079,VA,Greene,17545
23002,51007,VA,Amelia,13041
23009,51101,VA,King William,18026
23030,51036,VA,Charles City,4385
23059,51085,VA,Hanover,151358
23061,51073,VA,Gloucester,38150
23093,51109,VA,Louisa,45900
23109,51115,VA,Mathews,8556
23112,51041,VA,Chesterfield,394690
23139,51145,VA,Powhatan,28410
23141,51127,VA,New Kent,26644
23148,51097,VA,King and Queen,6814
23149,51119,VA,Middlesex,12038
23185,51095,VA,James City,108536
23223,51087,VA,Henrico,335173
23225,51159,VA,Richmond,327460
23238,51075,VA,Goochland,47465
23310,51131,VA,Northampton,12115
23322,51550,VA,Chesapeake,251477
23421,51001,VA,Accomack,33326
23430,51093,VA,Isle of Wight,38846
23434,51800,VA,Suffolk,96367
23464,51810,VA,Virginia Beach,457066
23503,51710,VA,Norfolk,235037
23608,51700,VA,Newport News,187554
23662,51735,VA,Poquoson,12556
23666,51650,VA,Hampton,139170
23693,51199,VA,York,51843
23703,51740,VA,Portsmouth,97246
23803,51053,VA,Dinwiddie,56837
23824,51135,VA,Nottoway,16316
23847,51081,VA,Greensville,13878
23851,51175,VA,Southampton,26479
23860,51149,VA,Prince George,81541
23867,51183,VA,Sussex,16587
23868,51025,VA,Brunswick,15131
23881,51181,VA,Surry,5919
23901,51049,VA,Cumberland,21234
23923,51037,VA,Charlotte,9105
23954,51147,VA,Prince Edward,10450
23970,51117,VA,Mecklenburg,31043
23974,51111,VA,Lunenburg,11977
24018,51161,VA,Roanoke,422628
24060,51121,VA,Montgomery,98906
24091,51063,VA,Floyd,13541
24112,51089,VA,Henry,68012
24127,51045,VA,Craig,4197
24134,51071,VA,Giles,17198
24141,51155,VA,Pulaski,50584
24142,51750,VA,Radford,2235
24151,51067,VA,Franklin,103416
24171,51141,VA,Patrick,16677
24175,51023,VA,Botetourt,25802
24201,51520,VA,Bristol,16039
24210,51191,VA,Washington,54572
24219,51195,VA,Wise,42050
24228,51051,VA,Dickenson,14023
24251,51169,VA,Scott,21606
24266,51167,VA,Russell,23753
24277,51105,VA,Lee,20316
24315,51021,VA,Bland,6007
24333,51077,VA,Grayson,28845
24343,51035,VA,Carroll,22113
24354,51173,VA,Smyth,28838
24382,51197,VA,Wythe,29452
24401,51015,VA,Augusta,128170
24426,51005,VA,Alleghany,20269
24445,51017,VA,Bath,4199
24450,51163,VA,Rockbridge,37189
24465,51091,VA,Highland,2555
24501,51031,VA,Campbell,71654
24502,51680,VA,Lynchburg,47395
24522,51011,VA,Appomattox,15719
24540,51143,VA,Pittsylvania,99900
24551,51019,VA,Bedford,237032
24572,51009,VA,Amherst,30274
24590,51029,VA,Buckingham,22825
24592,51083,VA,Halifax,34897
24605,51185,VA,Tazewell,39706
24614,51027,VA,Buchanan,20453
24701,54055,WV,Mercer,58295
24801,54109,WV,Wyoming,26207
24817,54047,WV,McDowell,13654
24901,54025,WV,Greenbrier,35479
24954,54075,WV,Pocahontas,7694
24963,54063,WV,Monroe,11485
25043,54015,WV,Clay,6541
25053,54005,WV,Boone,20298
25177,54039,WV,Kanawha,183166
25271,54035,WV,Jackson,28210
25276,54087,WV,Roane,12872
25404,54003,WV,Berkeley,126361
25411,54065,WV,Morgan,13649
25414,54037,WV,Jefferson,61054
25506,54043,WV,Lincoln,20799
25508,54045,WV,Logan,31906
25526,54079,WV,Putnam,52689
25550,54053,WV,Mason,23965
25661,54059,WV,Mingo,23224
25701,54011,WV,Cabell,92402
25704,54099,WV,Wayne,40943
25801,54081,WV,Raleigh,75441
25901,54019,WV,Fayette,43142
25951,54089,WV,Summers,9604
26003,54069,WV,Ohio,46558
26041,54051,WV,Marshall,25733
26062,54029,WV,Hancock,32442
26070,54009,WV,Brooke,18233
26101,54107,WV,Wood,84112
26143,54105,WV,Wirt,4513
26147,54013,WV,Calhoun,5594
26155,54103,WV,Wetzel,15142
26170,54073,WV,Pleasants,6903
26175,54095,WV,Tyler,7312
26201,54097,WV,Upshur,23526
26241,54083,WV,Randolph,28096
26287,54093,WV,Tucker,6295
26288,54101,WV,Webster,8240
26301,54033,WV,Harrison,61786
26351,54021,WV,Gilmer,8154
26354,54091,WV,Taylor,14073
26415,54085,WV,Ritchie,9304
26416,54001,WV,Barbour,15738
26426,54017,WV,Doddridge,11533
26452,54041,WV,Lewis,17812
26508,54061,WV,Monongalia,106378
26525,54077,WV,Preston,34170
26554,54049,WV,Marion,56509
26601,54007,WV,Braxton,13425
26651,54067,WV,Nicholas,21026
26726,54057,WV,Mineral,27403
26757,54027,WV,Hampshire,25491
26807,54071,WV,Pendleton,5971
26836,54031,WV,Hardy,13405
26847,54023,WV,Grant,10175
27021,37169,NC,Stokes,46154
27028,37059,NC,Davie,43201
27030,37171,NC,Surry,73800
27055,37197,NC,Yadkin,38828
27107,37057,NC,Davidson,192646
27205,37151,NC,Randolph,150618
27215,37001,NC,Alamance,183791
27284,37067,NC,Forsyth,362153
27320,37157,NC,Rockingham,99242
27330,37105,NC,Lee,75851
27371,37123,NC,Montgomery,23733
27379,37033,NC,Caswell,15644
27406,37081,NC,Guilford,540607
27516,37135,NC,Orange,128949
27517,37037,NC,Chatham,102841
27520,37101,NC,Johnston,182287
27526,37085,NC,Harnett,180961
27530,37191,NC,Wayne,102053
27537,37181,NC,Vance,43451
27549,37069,NC,Franklin,67297
27565,37077,NC,Granville,51381
27574,37145,NC,Person,44742
27587,37183,NC,Wake,1142712
27589,37185,NC,Warren,15979
27703,37063,NC,Durham,318725
27801,37065,NC,Edgecombe,50231
27804,37127,NC,Nash,95414
27810,37095,NC,Hyde,7758
27831,37131,NC,Northampton,17140
27858,37147,NC,Pitt,175396
27870,37083,NC,Halifax,51076
27889,37013,NC,Beaufort,42001
27892,37117,NC,Martin,21385
27893,37195,NC,Wilson,79894
27909,37139,NC,Pasquotank,40878
27910,37091,NC,Hertford,20173
27921,37029,NC,Camden,10046
27925,37177,NC,Tyrrell,3206
27932,37041,NC,Chowan,14503
27937,37073,NC,Gates,10516
27944,37143,NC,Perquimans,12378
27948,37055,NC,Dare,37534
27958,37053,NC,Currituck,30261
27962,37187,NC,Washington,11504
27983,37015,NC,Bertie,18012
28001,37167,NC,Stanly,65752
28027,37025,NC,Cabarrus,231853
28043,37161,NC,Rutherford,61355
28054,37071,NC,Gaston,234848
28086,37045,NC,Cleveland,107100
28092,37109,NC,Lincoln,88963
28117,37097,NC,Iredell,192977
28146,37159,NC,Rowan,131013
28170,37007,NC,Anson,22077
28173,37179,NC,Union,244541
28269,37119,NC,Mecklenburg,1148997
28314,37051,NC,Cumberland,323247
28328,37163,NC,Sampson,81271
28337,37017,NC,Bladen,27865
28352,37165,NC,Scotland,34149
28358,37155,NC,Robeson,116943
28365,37061,NC,Duplin,62958
28374,37125,NC,Moore,98041
28376,37093,NC,Hoke,55168
28379,37153,NC,Richmond,42180
28412,37129,NC,New Hanover,232900
28443,37141,NC,Pender,57890
28451,37019,NC,Brunswick,145578
28472,37047,NC,Columbus,50596
28504,37107,NC,Lenoir,54385
28515,37137,NC,Pamlico,10321
28540,37133,NC,Onslow,206324
28562,37049,NC,Craven,103868
28570,37031,NC,Carteret,74491
28580,37079,NC,Greene,16260
28585,37103,NC,Jones,5752
28601,37035,NC,Catawba,169666
28607,37189,NC,Watauga,57751
28645,37027,NC,Caldwell,78818
28655,37023,NC,Burke,79445
28657,37011,NC,Avery,11695
28659,37193,NC,Wilkes,60738
28675,37005,NC,Alleghany,11665
28681,37003,NC,Alexander,31246
28694,37009,NC,Ashe,26956
28712,37175,NC,Transylvania,33422
28713,37173,NC,Swain,15018
28714,37199,NC,Yancey,18493
28734,37113,NC,Macon,37802
28752,37111,NC,McDowell,44885
28754,37115,NC,Madison,22049
28771,37075,NC,Graham,8163
28777,37121,NC,Mitchell,17101
28779,37099,NC,Jackson,40993
28782,37149,NC,Polk,20001
28786,37087,NC,Haywood,62474
28792,37089,NC,Henderson,121579
28806,37021,NC,Buncombe,267237
28904,37043,NC,Clay,11936
28906,37039,NC,Cherokee,28652
29003,45009,SC,Bamberg,12635
29010,45061,SC,Lee,15943
29045,45055,SC,Kershaw,75794
29072,45063,SC,Lexington,301111
29102,45027,SC,Clarendon,29706
29108,45071,SC,Newberry,40498
29115,45075,SC,Orangeburg,81743
29135,45017,SC,Calhoun,13449
29138,45081,SC,Saluda,19418
29150,45085,SC,Sumter,104185
29180,45039,SC,Fairfield,21418
29223,45079,SC,Richland,405127
29340,45021,SC,Cherokee,62973
29349,45083,SC,Spartanburg,305794
29360,45059,SC,Laurens,61469
29379,45087,SC,Union,24879
29440,45043,SC,Georgetown,52766
29445,45015,SC,Berkeley,216938
29464,45019,SC,Charleston,439395
29485,45035,SC,Dorchester,163283
29488,45029,SC,Colleton,39588
29501,45041,SC,Florence,144144
29512,45069,SC,Marlboro,26157
29520,45025,SC,Chesterfield,41177
29536,45033,SC,Dillon,27735
29550,45031,SC,Darlington,60877
29556,45089,SC,Williamsburg,30468
29571,45067,SC,Marion,27052
29579,45051,SC,Horry,381603
29620,45001,SC,Abbeville,28305
29621,45007,SC,Anderson,197652
29640,45077,SC,Pickens,112298
29646,45047,SC,Greenwood,65803
29678,45073,SC,Oconee,79755
29681,45045,SC,Greenville,598630
29706,45023,SC,Chester,32482
29720,45057,SC,Lancaster,104115
29732,45091,SC,York,289313
29803,45003,SC,Aiken,162507
29812,45011,SC,Barnwell,21400
29827,45005,SC,Allendale,8092
29835,45065,SC,McCormick,9650
29860,45037,SC,Edgefield,37303
29910,45013,SC,Beaufort,193965
29918,45049,SC,Hampton,18280
29936,45053,SC,Jasper,25899
30016,13217,GA,Newton,116222
30040,13117,GA,Forsyth,191371
30044,13135,GA,Gwinnett,893268
30052,13297,GA,Walton,138174
30058,13089,GA,DeKalb,829427
30094,13247,GA,Rockdale,95271
30110,13143,GA,Haralson,27368
30120,13015,GA,Bartow,108768
30125,13233,GA,Polk,47269
30127,13067,GA,Cobb,773308
30135,13097,GA,Douglas,148487
30143,13227,GA,Pickens,33534
30157,13223,GA,Paulding,128877
30165,13115,GA,Floyd,95324
30180,13045,GA,Carroll,141146
30188,13057,GA,Cherokee,290153
30204,13171,GA,Lamar,17225
30217,13149,GA,Heard,9702
30223,13255,GA,Spalding,66614
30233,13035,GA,Butts,30346
30236,13063,GA,Clayton,232930
30240,13285,GA,Troup,65582
30263,13077,GA,Coweta,150501
30269,13113,GA,Fayette,123523
30281,13151,GA,Henry,269170
30286,13293,GA,Upson,26636
30292,13231,GA,Pike,20266
30349,13121,GA,Fulton,1135044
30401,13107,GA,Emanuel,24887
30411,13309,GA,Wheeler,7846
30417,13109,GA,Evans,11423
30427,13267,GA,Tattnall,24221
30434,13163,GA,Jefferson,16040
30439,13043,GA,Candler,12145
30442,13165,GA,Jenkins,8484
30445,13209,GA,Montgomery,6178
30457,13283,GA,Treutlen,5440
30458,13031,GA,Bulloch,75371
30467,13251,GA,Screven,14385
30474,13279,GA,Toombs,31056
30506,13139,GA,Hall,207857
30510,13011,GA,Banks,22660
30512,13291,GA,Union,25232
30513,13111,GA,Fannin,25433
30523,13137,GA,Habersham,39716
30525,13241,GA,Rabun,16786
30528,13311,GA,White,28582
30533,13187,GA,Lumpkin,28758
30534,13085,GA,Dawson,34100
30540,13123,GA,Gilmer,30680
30546,13281,GA,Towns,13198
30549,13157,GA,Jackson,114398
30553,13119,GA,Franklin,27665
30577,13257,GA,Stephens,25956
30606,13059,GA,Clarke,119110
30631,13265,GA,Taliaferro,1938
30633,13195,GA,Madison,29136
30635,13105,GA,Elbert,21218
30642,13133,GA,Greene,19636
30643,13147,GA,Hart,23072
30650,13211,GA,Morgan,19634
30673,13317,GA,Wilkes,9544
30677,13219,GA,Oconee,38941
30680,13013,GA,Barrow,95435
30683,13221,GA,Oglethorpe,18521
30701,13129,GA,Gordon,61574
30705,13213,GA,Murray,36787
30721,13313,GA,Whitfield,106254
30736,13047,GA,Catoosa,51883
30741,13295,GA,Walker,81648
30747,13055,GA,Chattooga,27313
30752,13083,GA,Dade,14144
30809,13073,GA,Columbia,168400
30810,13125,GA,Glascock,3178
30817,13181,GA,Lincoln,7742
30824,13189,GA,McDuffie,21483
30828,13301,GA,Warren,4782
30830,13033,GA,Burke,19949
30906,13245,GA,Richmond,200774
31001,13315,GA,Wilcox,8045
31006,13269,GA,Taylor,9071
31008,13225,GA,Peach,38869
31014,13023,GA,Bleckley,12944
31015,13081,GA,Crisp,20135
31021,13175,GA,Laurens,49082
31023,13091,GA,Dodge,18357
31024,13237,GA,Putnam,21638
31029,13207,GA,Monroe,23459
31031,13319,GA,Wilkinson,12424
31036,13235,GA,Pulaski,11824
31044,13289,GA,Twiggs,4659
31055,13271,GA,Telfair,13576
31061,13009,GA,Baldwin,41269
31064,13159,GA,Jasper,13629
31068,13193,GA,Macon,11450
31078,13079,GA,Crawford,5400
31082,13303,GA,Washington,19497
31087,13141,GA,Hancock,8742
31088,13153,GA,Houston,159808
31092,13093,GA,Dooly,11169
31096,13167,GA,Johnson,8968
31210,13021,GA,Bibb,143186
31217,13169,GA,Jones,49528
31312,13103,GA,Effingham,62391
31313,13179,GA,Liberty,69121
31316,13183,GA,Long,13421
31324,13029,GA,Bryan,52243
31331,13191,GA,McIntosh,11135
31419,13051,GA,Chatham,302666
31503,13299,GA,Ware,38295
31510,13005,GA,Bacon,9592
31513,13001,GA,Appling,18139
31516,13229,GA,Pierce,20230
31525,13127,GA,Glynn,84873
31533,13069,GA,Coffee,43490
31537,13049,GA,Charlton,12741
31539,13161,GA,Jeff Davis,14857
31543,13025,GA,Brantley,16200
31545,13305,GA,Wayne,29974
31548,13039,GA,Camden,55883
31602,13185,GA,Lowndes,113209
31620,13075,GA,Cook,17549
31634,13065,GA,Clinch,6444
31635,13173,GA,Lanier,7918
31636,13101,GA,Echols,12616
31639,13019,GA,Berrien,19962
31642,13003,GA,Atkinson,9619
31643,13027,GA,Brooks,16040
31705,13095,GA,Dougherty,90353
31709,13261,GA,Sumter,29034
31714,13287,GA,Turner,10206
31750,13017,GA,Ben Hill,18582
31763,13177,GA,Lee,30364
31768,13071,GA,Colquitt,44410
31774,13155,GA,Irwin,7904
31779,13205,GA,Mitchell,23735
31791,13321,GA,Worth,21016
31792,13275,GA,Thomas,44376
31794,13277,GA,Tift,37461
31803,13197,GA,Marion,7336
31806,13249,GA,Schley,4316
31808,13145,GA,Harris,42065
31815,13259,GA,Stewart,5852
31816,13199,GA,Meriwether,17656
31824,13307,GA,Webster,1214
31827,13263,GA,Talbot,3447
31905,13053,GA,Chattahoochee,17852
31907,13215,GA,Muscogee,197424
32025,12023,FL,Columbia,73778
32034,12089,FL,Nassau,94579
32052,12047,FL,Hamilton,11780
32054,12125,FL,Union,15250
32060,12121,FL,Suwannee,39427
32063,12003,FL,Baker,28018
32066,12067,FL,Lafayette,13248
32068,12019,FL,Clay,220336
32091,12007,FL,Bradford,24737
32162,12119,FL,Sumter,141459
32164,12035,FL,Flagler,119146
32174,12127,FL,Volusia,574478
32177,12107,FL,Putnam,71071
32218,12031,FL,Duval,1005680
32259,12109,FL,St. Johns,296428
32304,12073,FL,Leon,295335
32321,12077,FL,Liberty,7650
32322,12037,FL,Franklin,11853
32327,12129,FL,Wakulla,35173
32340,12079,FL,Madison,19282
32344,12065,FL,Jefferson,13241
32348,12123,FL,Taylor,20955
32351,12039,FL,Gadsden,43642
32404,12005,FL,Bay,181443
32424,12013,FL,Calhoun,13251
32425,12059,FL,Holmes,17858
32428,12133,FL,Washington,23230
32446,12063,FL,Jackson,49985
32459,12131,FL,Walton,78309
32465,12045,FL,Gulf,15244
32526,12033,FL,Escambia,329794
32547,12091,FL,Okaloosa,215381
32566,12113,FL,Santa Rosa,188834
32608,12001,FL,Alachua,293564
32680,12029,FL,Dixie,17591
32693,12041,FL,Gilchrist,16919
32696,12075,FL,Levy,40432
32765,12117,FL,Seminole,487948
32940,12009,FL,Brevard,620911
32958,12061,FL,Indian River,163856
33024,12011,FL,Broward,1946127
33040,12087,FL,Monroe,81789
33157,12086,FL,Miami-Dade,2685301
33411,12099,FL,Palm Beach,1498570
33647,12057,FL,Hillsborough,1527285
33810,12105,FL,Polk,750191
33870,12055,FL,Highlands,105333
33873,12049,FL,Hardee,25680
33936,12051,FL,Hendry,71718
33952,12015,FL,Charlotte,194022
34120,12021,FL,Collier,386944
34135,12071,FL,Lee,764786
34221,12081,FL,Manatee,425950
34266,12027,FL,DeSoto,34719
34293,12115,FL,Sarasota,442107
34446,12017,FL,Citrus,158244
34472,12083,FL,Marion,384961
34609,12053,FL,Hernando,195922
34668,12101,FL,Pasco,555202
34698,12103,FL,Pinellas,960565
34711,12069,FL,Lake,399121
34744,12097,FL,Osceola,414875
34787,12095,FL,Orange,1421526
34953,12111,FL,St. Lucie,363776
34972,12093,FL,Okeechobee,19185
34974,12043,FL,Glades,30905
34997,12085,FL,Martin,150639
35010,1123,AL,Tallapoosa,35506
35045,1021,AL,Chilton,41464
35055,1043,AL,Cullman,88478
35072,1037,AL,Coosa,10899
35120,1115,AL,St. Clair,83752
35121,1009,AL,Blount,45462
35160,1121,AL,Talladega,82518
35184,1007,AL,Bibb,22237
35215,1073,AL,Jefferson,675225
35242,1117,AL,Shelby,255622
35405,1125,AL,Tuscaloosa,221216
35442,1107,AL,Pickens,18834
35462,1063,AL,Greene,7245
35470,1119,AL,Sumter,11600
35474,1065,AL,Hale,17095
35504,1127,AL,Walker,61078
35555,1057,AL,Fayette,22588
35565,1133,AL,Winston,24290
35570,1093,AL,Marion,20482
35592,1075,AL,Lamar,13901
35601,1103,AL,Morgan,117796
35611,1083,AL,Limestone,103015
35630,1077,AL,Lauderdale,95521
35650,1079,AL,Lawrence,38226
35653,1059,AL,Franklin,34488
35674,1033,AL,Colbert,56503
35758,1089,AL,Madison,401491
35768,1071,AL,Jackson,54514
35901,1055,AL,Etowah,106739
35950,1095,AL,Marshall,104507
35967,1049,AL,DeKalb,70360
36027,1005,AL,Barbour,26330
36037,1013,AL,Butler,16844
36040,1085,AL,Lowndes,12640
36049,1041,AL,Crenshaw,12433
36067,1001,AL,Autauga,57924
36081,1109,AL,Pike,34843
36083,1087,AL,Macon,18547
36089,1011,AL,Bullock,8332
36092,1051,AL,Elmore,94555
36117,1101,AL,Montgomery,224830
36264,1029,AL,Cleburne,16622
36265,1015,AL,Calhoun,107867
36266,1027,AL,Clay,12593
36272,1019,AL,Cherokee,33566
36274,1111,AL,Randolph,21405
36301,1069,AL,Houston,108445
36330,1031,AL,Coffee,54664
36345,1067,AL,Henry,20528
36360,1045,AL,Dale,43951
36375,1061,AL,Geneva,27193
36401,1035,AL,Conecuh,13378
36420,1039,AL,Covington,38743
36426,1053,AL,Escambia,36624
36460,1099,AL,Monroe,18399
36535,1003,AL,Baldwin,239928
36545,1025,AL,Clarke,24184
36558,1129,AL,Washington,15502
36695,1097,AL,Mobile,413339
36701,1047,AL,Dallas,37147
36726,1131,AL,Wilcox,10111
36732,1091,AL,Marengo,18901
36756,1105,AL,Perry,8257
36830,1081,AL,Lee,170296
36854,1017,AL,Chambers,41128
36867,1113,AL,Russell,59066
36904,1023,AL,Choctaw,12370
37013,47037,TN,Davidson,722270
37015,47021,TN,Cheatham,32684
37030,47159,TN,Smith,18177
37033,47081,TN,Hickman,25290
37042,47125,TN,Montgomery,213807
37055,47043,TN,Dickson,55592
37058,47161,TN,Stewart,14458
37061,47083,TN,Houston,8316
37064,47187,TN,Williamson,245458
37074,47169,TN,Trousdale,11690
37075,47165,TN,Sumner,187355
37083,47111,TN,Macon,21250
37091,47117,TN,Marshall,35890
37096,47135,TN,Perry,7969
37110,47177,TN,Warren,43587
37122,47189,TN,Wilson,147587
37128,47149,TN,Rutherford,349590
37160,47003,TN,Bedford,50427
37166,47041,TN,DeKalb,20698
37172,47147,TN,Robertson,87338
37185,47085,TN,Humphreys,19811
37190,47015,TN,Cannon,11464
37303,47107,TN,McMinn,50161
37307,47139,TN,Polk,18624
37312,47011,TN,Bradley,107228
37321,47143,TN,Rhea,34239
37322,47121,TN,Meigs,17351
37327,47153,TN,Sequatchie,12424
37334,47103,TN,Lincoln,39571
37352,47127,TN,Moore,3089
37354,47123,TN,Monroe,48791
37355,47031,TN,Coffee,63368
37367,47007,TN,Bledsoe,14727
37387,47061,TN,Grundy,11970
37398,47051,TN,Franklin,39595
37405,47115,TN,Marion,54452
37421,47065,TN,Hamilton,349683
37601,47179,TN,Washington,145139
37643,47019,TN,Carter,43957
37650,47171,TN,Unicoi,18732
37660,47163,TN,Sullivan,162915
37683,47091,TN,Johnson,19242
37725,47089,TN,Jefferson,56253
37743,47059,TN,Greene,69087
37748,47145,TN,Roane,45818
37766,47013,TN,Campbell,39523
37774,47105,TN,Loudon,64727
37803,47009,TN,Blount,128428
37807,47173,TN,Union,17138
37814,47063,TN,Hamblen,60398
37821,47029,TN,Cocke,38377
37830,47001,TN,Anderson,76591
37840,47129,TN,Morgan,26584
37841,47151,TN,Scott,20839
37857,47073,TN,Hawkins,55460
37861,47057,TN,Grainger,24127
37869,47067,TN,Hancock,5735
37876,47155,TN,Sevier,103041
37879,47025,TN,Claiborne,33708
37918,47093,TN,Knox,497926
38001,47033,TN,Crockett,9369
38008,47069,TN,Hardeman,25674
38012,47075,TN,Haywood,22591
38017,47157,TN,Shelby,926422
38019,47167,TN,Tipton,55392
38024,47045,TN,Dyer,34640
38060,47047,TN,Fayette,43307
38063,47097,TN,Lauderdale,24964
38079,47095,TN,Lake,6942
38201,47017,TN,Carroll,31853
38237,47183,TN,Weakley,31128
38242,47079,TN,Henry,31905
38261,47131,TN,Obion,30041
38305,47113,TN,Madison,106741
38320,47005,TN,Benton,16320
38340,47023,TN,Chester,14546
38343,47053,TN,Gibson,47949
38351,47077,TN,Henderson,25186
38363,47039,TN,Decatur,12023
38372,47071,TN,Hardin,24508
38375,47109,TN,McNairy,29558
38401,47119,TN,Maury,133436
38462,47101,TN,Lewis,11444
38464,47099,TN,Lawrence,48150
38478,47055,TN,Giles,26977
38485,47181,TN,Wayne,16476
38501,47141,TN,Putnam,92407
38549,47137,TN,Pickett,5457
38551,47027,TN,Clay,6889
38555,47035,TN,Cumberland,58754
38556,47049,TN,Fentress,17150
38562,47087,TN,Jackson,9570
38570,47133,TN,Overton,16715
38583,47185,TN,White,28485
38585,47175,TN,Van Buren,5777
38603,28009,MS,Benton,7592
38606,28107,MS,Panola,35292
38611,28093,MS,Marshall,36971
38614,28027,MS,Coahoma,20391
38646,28119,MS,Quitman,5159
38652,28145,MS,Union,25144
38654,28033,MS,DeSoto,185411
38655,28071,MS,Lafayette,55564
38663,28139,MS,Tippah,23216
38668,28137,MS,Tate,27962
38676,28143,MS,Tunica,9702
38701,28151,MS,Washington,43824
38732,28011,MS,Bolivar,30764
38745,28055,MS,Issaquena,503
38751,28133,MS,Sunflower,24361
38801,28081,MS,Lee,75465
38821,28095,MS,Monroe,29990
38829,28117,MS,Prentiss,26559
38834,28003,MS,Alcorn,34580
38843,28057,MS,Itawamba,29990
38851,28017,MS,Chickasaw,19644
38852,28141,MS,Tishomingo,17939
38863,28115,MS,Pontotoc,32927
38901,28043,MS,Grenada,21871
38916,28013,MS,Calhoun,12497
38917,28015,MS,Carroll,7351
38921,28135,MS,Tallahatchie,12395
38930,28083,MS,Leflore,28330
38965,28161,MS,Yalobusha,14520
38967,28097,MS,Montgomery,10302
39038,28053,MS,Humphreys,7694
39047,28121,MS,Rankin,156946
39051,28079,MS,Leake,22578
39056,28049,MS,Hinds,223373
39059,28029,MS,Copiah,29265
39069,28063,MS,Jefferson,8579
39074,28123,MS,Scott,27569
39090,28007,MS,Attala,21805
39095,28051,MS,Holmes,12685
39110,28089,MS,Madison,112433
39114,28127,MS,Simpson,24773
39120,28001,MS,Adams,29212
39150,28021,MS,Claiborne,7569
39159,28125,MS,Sharkey,4358
39168,28129,MS,Smith,11659
39180,28149,MS,Warren,43623
39194,28163,MS,Yazoo,26665
39305,28075,MS,Lauderdale,73851
39328,28069,MS,Kemper,8362
39339,28159,MS,Winston,16413
39341,28103,MS,Noxubee,10198
39345,28101,MS,Newton,18515
39350,28099,MS,Neshoba,31925
39355,28023,MS,Clarke,16110
39367,28153,MS,Wayne,15569
39401,28035,MS,Forrest,66940
39402,28073,MS,Lamar,79337
39422,28061,MS,Jasper,16557
39428,28031,MS,Covington,20519
39429,28091,MS,Marion,25019
39443,28067,MS,Jones,65093
39451,28041,MS,Greene,11801
39452,28039,MS,George,28891
39466,28109,MS,Pearl River,58719
39474,28065,MS,Jefferson Davis,12974
39476,28111,MS,Perry,12765
39503,28047,MS,Harrison,219700
39520,28045,MS,Hancock,39672
39564,28059,MS,Jackson,131651
39577,28131,MS,Stone,22482
39601,28085,MS,Lincoln,31427
39631,28157,MS,Wilkinson,9431
39641,28077,MS,Lawrence,14863
39645,28005,MS,Amite,9849
39648,28113,MS,Pike,41865
39653,28037,MS,Franklin,6939
39667,28147,MS,Walthall,10138
39702,28087,MS,Lowndes,59324
39735,28019,MS,Choctaw,8103
39744,28155,MS,Webster,11795
39759,28105,MS,Oktibbeha,48917
39773,28025,MS,Clay,18601
39819,13087,GA,Decatur,28910
39823,13099,GA,Early,10429
39828,13131,GA,Grady,23631
39837,13201,GA,Miller,5994
39840,13243,GA,Randolph,6213
39842,13273,GA,Terrell,8758
39845,13253,GA,Seminole,9183
39851,13061,GA,Clay,2586
39854,13239,GA,Quitman,2407
39866,13037,GA,Calhoun,6593
39870,13007,GA,Baker,1869
40004,21179,KY,Nelson,49125
40006,21223,KY,Trimble,10404
40031,21185,KY,Oldham,79445
40033,21155,KY,Marion,19324
40057,21103,KY,Henry,17005
40065,21211,KY,Shelby,43753
40069,21229,KY,Washington,11487
40071,21215,KY,Spencer,17941
40143,21027,KY,Breckinridge,21055
40165,21029,KY,Bullitt,70985
40175,21163,KY,Meade,36579
40214,21111,KY,Jefferson,783399
40311,21181,KY,Nicholas,7704
40322,21165,KY,Menifee,6291
40324,21209,KY,Scott,58661
40330,21167,KY,Mercer,23611
40336,21065,KY,Estill,14048
40342,21005,KY,Anderson,23739
40351,21205,KY,Rowan,25194
40353,21173,KY,Montgomery,47256
40356,21113,KY,Jessamine,52894
40359,21187,KY,Owen,10442
40360,21011,KY,Bath,13544
40361,21017,KY,Bourbon,19038
40380,21197,KY,Powell,13115
40383,21239,KY,Woodford,28232
40391,21049,KY,Clark,36729
40422,21021,KY,Boyle,31076
40444,21079,KY,Garrard,16771
40447,21109,KY,Jackson,13115
40456,21203,KY,Rockcastle,13986
40475,21151,KY,Madison,95005
40484,21137,KY,Lincoln,22660
40509,21067,KY,Fayette,321882
40601,21073,KY,Franklin,51627
40701,21235,KY,Whitley,51202
40741,21125,KY,Laurel,55275
40831,21095,KY,Harlan,26249
40906,21121,KY,Knox,23173
40962,21051,KY,Clay,19917
40965,21013,KY,Bell,24395
41004,21023,KY,Bracken,8179
41008,21041,KY,Carroll,10966
41017,21117,KY,Kenton,165256
41031,21097,KY,Harrison,19639
41035,21081,KY,Grant,28380
41040,21191,KY,Pendleton,13112
41041,21069,KY,Fleming,15213
41042,21015,KY,Boone,141911
41056,21161,KY,Mason,17853
41064,21201,KY,Robertson,2122
41071,21037,KY,Campbell,93172
41095,21077,KY,Gallatin,5901
41102,21019,KY,Boyd,52167
41143,21043,KY,Carter,27263
41144,21089,KY,Greenup,32750
41171,21063,KY,Elliott,5071
41179,21135,KY,Lewis,13101
41224,21159,KY,Martin,10734
41230,21127,KY,Lawrence,16321
41240,21115,KY,Johnson,21579
41301,21237,KY,Wolfe,6857
41311,21129,KY,Lee,6516
41314,21189,KY,Owsley,4752
41339,21025,KY,Breathitt,12784
41465,21153,KY,Magoffin,11404
41472,21175,KY,Morgan,14210
41501,21195,KY,Pike,57372
41653,21071,KY,Floyd,34420
41701,21193,KY,Perry,28201
41749,21131,KY,Leslie,9632
41822,21119,KY,Knott,15091
41858,21133,KY,Letcher,22080
42001,21145,KY,McCracken,64513
42023,21039,KY,Carlisle,4545
42025,21157,KY,Marshall,31153
42031,21105,KY,Hickman,3552
42038,21143,KY,Lyon,8541
42041,21075,KY,Fulton,7713
42053,21007,KY,Ballard,10065
42064,21055,KY,Crittenden,8035
42066,21083,KY,Graves,38098
42071,21035,KY,Calloway,37518
42081,21139,KY,Livingston,9261
42101,21227,KY,Warren,144627
42129,21169,KY,Metcalfe,10670
42134,21213,KY,Simpson,19117
42141,21009,KY,Barren,40167
42164,21003,KY,Allen,20076
42167,21171,KY,Monroe,11703
42210,21061,KY,Edmonson,9694
42211,21221,KY,Trigg,12912
42220,21219,KY,Todd,11390
42240,21047,KY,Christian,61871
42261,21031,KY,Butler,11218
42276,21141,KY,Logan,29497
42301,21059,KY,Daviess,101340
42320,21183,KY,Ohio,24893
42327,21149,KY,McLean,9364
42345,21177,KY,Muhlenberg,30242
42348,21091,KY,Hancock,10221
42420,21101,KY,Henderson,44147
42431,21107,KY,Hopkins,46033
42437,21225,KY,Union,14060
42445,21033,KY,Caldwell,12297
42455,21233,KY,Webster,13422
42503,21199,KY,Pulaski,66565
42539,21045,KY,Casey,18452
42602,21053,KY,Clinton,9138
42633,21231,KY,Wayne,19161
42635,21147,KY,McCreary,16497
42642,21207,KY,Russell,18404
42701,21093,KY,Hardin,104408
42717,21057,KY,Cumberland,5964
42718,21217,KY,Taylor,28258
42728,21001,KY,Adair,17952
42743,21087,KY,Green,10333
42748,21123,KY,Larue,10829
42754,21085,KY,Grayson,25214
42765,21099,KY,Hart,24035
43015,39041,OH,Delaware,221676
43040,39159,OH,Union,50217
43050,39083,OH,Knox,63297
43055,39089,OH,Licking,163114
43076,39127,OH,Perry,38457
43078,39021,OH,Champaign,37529
43113,39129,OH,Pickaway,57764
43123,39049,OH,Franklin,1314354
43130,39045,OH,Fairfield,186676
43138,39073,OH,Hocking,34843
43140,39097,OH,Madison,56187
43160,39047,OH,Fayette,25687
43302,39101,OH,Marion,65372
43311,39091,OH,Logan,44663
43326,39065,OH,Hardin,33665
43351,39175,OH,Wyandot,22227
43420,39143,OH,Sandusky,51886
43452,39123,OH,Ottawa,38091
43506,39171,OH,Williams,37804
43512,39039,OH,Defiance,37898
43545,39069,OH,Henry,27552
43551,39173,OH,Wood,132131
43558,39051,OH,Fulton,47048
43615,39095,OH,Lucas,424963
43701,39119,OH,Muskingum,91481
43724,39121,OH,Noble,14053
43725,39059,OH,Guernsey,37522
43756,39115,OH,Morgan,14527
43793,39111,OH,Monroe,11760
43812,39031,OH,Coshocton,33455
43907,39067,OH,Harrison,13613
43950,39013,OH,Belmont,65763
43952,39081,OH,Jefferson,66081
44004,39007,OH,Ashtabula,97617
44024,39055,OH,Geauga,90510
44035,39093,OH,Lorain,305041
44060,39085,OH,Lake,231877
44107,39035,OH,Cuyahoga,1255224
44203,39153,OH,Summit,541846
44240,39133,OH,Portage,170806
44256,39103,OH,Medina,181928
44460,39029,OH,Columbiana,103294
44483,39155,OH,Trumbull,193859
44512,39099,OH,Mahoning,225453
44615,39019,OH,Carroll,37550
44646,39151,OH,Stark,359069
44654,39075,OH,Holmes,48573
44663,39157,OH,Tuscarawas,92969
44691,39169,OH,Wayne,117149
44805,39005,OH,Ashland,50932
44820,39033,OH,Crawford,27336
44833,39117,OH,Morrow,42664
44857,39077,OH,Huron,72318
44870,39043,OH,Erie,78232
44883,39147,OH,Seneca,60737
44903,39139,OH,Richland,125843
45011,39017,OH,Butler,386077
45040,39165,OH,Warren,227646
45133,39071,OH,Highland,42931
45140,39025,OH,Clermont,219586
45154,39015,OH,Brown,38765
45177,39027,OH,Clinton,46911
45238,39061,OH,Hamilton,839382
45320,39135,OH,Preble,40309
45324,39057,OH,Greene,203047
45331,39037,OH,Darke,52181
45365,39149,OH,Shelby,45744
45373,39109,OH,Miami,104887
45424,39113,OH,Montgomery,506915
45503,39023,OH,Clark,134978
45601,39141,OH,Ross,75517
45631,39053,OH,Gallia,29277
45638,39087,OH,Lawrence,57224
45640,39079,OH,Jackson,32540
45651,39163,OH,Vinton,13172
45662,39145,OH,Scioto,73477
45690,39131,OH,Pike,24348
45693,39001,OH,Adams,32903
45701,39009,OH,Athens,52918
45750,39167,OH,Washington,57462
45769,39105,OH,Meigs,25952
45805,39003,OH,Allen,109060
45822,39107,OH,Mercer,42487
45840,39063,OH,Hancock,68905
45875,39137,OH,Putnam,35752
45879,39125,OH,Paulding,18056
45891,39161,OH,Van Wert,24034
45895,39011,OH,Auglaize,45420
46012,18095,IN,Madison,130726
46032,18057,IN,Hamilton,341929
46041,18023,IN,Clinton,33892
46072,18159,IN,Tipton,14228
46077,18011,IN,Boone,74054
46112,18063,IN,Hendricks,172358
46135,18133,IN,Putnam,34436
46140,18059,IN,Hancock,92655
46143,18081,IN,Johnson,157424
46151,18109,IN,Morgan,83017
46173,18139,IN,Rush,16629
46176,18145,IN,Shelby,49232
46227,18097,IN,Marion,973167
46307,18089,IN,Lake,502997
46310,18073,IN,Jasper,34949
46349,18111,IN,Newton,11947
46350,18091,IN,LaPorte,118438
46383,18127,IN,Porter,167201
46514,18039,IN,Elkhart,206440
46530,18141,IN,St. Joseph,275174
46534,18149,IN,Starke,21145
46563,18099,IN,Marshall,47078
46580,18085,IN,Kosciusko,78433
46703,18151,IN,Steuben,35466
46706,18033,IN,DeKalb,46924
46714,18179,IN,Wells,28292
46725,18183,IN,Whitley,36357
46733,18001,IN,Adams,35387
46750,18069,IN,Huntington,40483
46755,18113,IN,Noble,45454
46761,18087,IN,LaGrange,38889
46835,18003,IN,Allen,380086
46901,18067,IN,Howard,85939
46923,18015,IN,Carroll,16681
46947,18017,IN,Cass,37807
46953,18053,IN,Grant,67218
46970,18103,IN,Miami,33474
46975,18049,IN,Fulton,19157
46992,18169,IN,Wabash,31526
46996,18131,IN,Pulaski,12979
47006,18137,IN,Ripley,28585
47012,18047,IN,Franklin,17679
47025,18029,IN,Dearborn,57312
47040,18115,IN,Ohio,5408
47043,18155,IN,Switzerland,8348
47112,18061,IN,Harrison,40256
47118,18025,IN,Crawford,11108
47130,18019,IN,Clark,124621
47150,18043,IN,Floyd,78098
47167,18175,IN,Washington,26683
47170,18143,IN,Scott,23886
47201,18005,IN,Bartholomew,82365
47240,18031,IN,Decatur,27961
47250,18077,IN,Jefferson,36864
47265,18079,IN,Jennings,26201
47274,18071,IN,Jackson,48404
47304,18035,IN,Delaware,111405
47331,18041,IN,Fayette,22769
47348,18009,IN,Blackford,12674
47353,18161,IN,Union,6727
47362,18065,IN,Henry,49163
47371,18075,IN,Jay,20660
47374,18177,IN,Wayne,67531
47394,18135,IN,Randolph,25336
47401,18105,IN,Monroe,138318
47421,18093,IN,Lawrence,46524
47441,18055,IN,Greene,31288
47448,18013,IN,Brown,18255
47454,18117,IN,Orange,18946
47460,18119,IN,Owen,21577
47501,18027,IN,Daviess,31039
47546,18037,IN,Dubois,43938
47553,18101,IN,Martin,11756
47567,18125,IN,Pike,11946
47586,18123,IN,Perry,18058
47591,18083,IN,Knox,36239
47620,18129,IN,Posey,20786
47630,18173,IN,Warrick,67445
47635,18147,IN,Spencer,17632
47670,18051,IN,Gibson,34257
47714,18163,IN,Vanderburgh,183323
47802,18167,IN,Vigo,103784
47834,18021,IN,Clay,26811
47842,18165,IN,Vermillion,15079
47872,18121,IN,Parke,16492
47882,18153,IN,Sullivan,20952
47906,18157,IN,Tippecanoe,187472
47932,18045,IN,Fountain,18742
47933,18107,IN,Montgomery,38617
47944,18007,IN,Benton,7130
47960,18181,IN,White,26777
47993,18171,IN,Warren,8857
48044,26099,MI,Macomb,876405
48060,26147,MI,St. Clair,161565
48162,26115,MI,Monroe,162701
48180,26163,MI,Wayne,1769800
48197,26161,MI,Washtenaw,353027
48307,26125,MI,Oakland,1300192
48413,26063,MI,Huron,28940
48422,26151,MI,Sanilac,43269
48439,26049,MI,Genesee,381087
48446,26087,MI,Lapeer,86856
48601,26145,MI,Saginaw,187773
48624,26051,MI,Gladwin,29912
48625,26035,MI,Clare,33779
48642,26111,MI,Midland,81257
48647,26135,MI,Oscoda,10461
48653,26143,MI,Roscommon,25954
48658,26011,MI,Arenac,13643
48661,26129,MI,Ogemaw,19477
48706,26017,MI,Bay,99417
48723,26157,MI,Tuscola,52640
48740,26001,MI,Alcona,12000
48750,26069,MI,Iosco,25615
48801,26057,MI,Gratiot,43914
48823,26065,MI,Ingham,275256
48838,26117,MI,Montcalm,68817
48843,26093,MI,Livingston,199369
48846,26067,MI,Ionia,65929
48858,26073,MI,Isabella,61851
48867,26155,MI,Shiawassee,72770
48906,26037,MI,Clinton,84648
48917,26045,MI,Eaton,116402
49009,26077,MI,Kalamazoo,256326
49015,26025,MI,Calhoun,134625
49036,26023,MI,Branch,44987
49047,26027,MI,Cass,42847
49058,26015,MI,Barry,52374
49090,26159,MI,Van Buren,80578
49091,26149,MI,St. Joseph,61239
49120,26021,MI,Berrien,163874
49201,26075,MI,Jackson,159946
49221,26091,MI,Lenawee,98819
49242,26059,MI,Hillsdale,45291
49304,26085,MI,Lake,12184
49307,26107,MI,Mecosta,37616
49337,26123,MI,Newaygo,45533
49420,26127,MI,Oceana,27719
49423,26005,MI,Allegan,151788
49424,26139,MI,Ottawa,281256
49431,26105,MI,Mason,27188
49442,26121,MI,Muskegon,175994
49508,26081,MI,Kent,655041
49601,26165,MI,Wexford,33435
49643,26019,MI,Benzie,23245
49646,26079,MI,Kalkaska,17712
49651,26113,MI,Missaukee,13045
49659,26009,MI,Antrim,23790
49660,26101,MI,Manistee,25226
49677,26133,MI,Osceola,26564
49684,26089,MI,Leelanau,38304
49686,26055,MI,Grand Traverse,77417
49707,26007,MI,Alpena,27113
49709,26119,MI,Montmorency,7026
49720,26029,MI,Charlevoix,27128
49721,26031,MI,Cheboygan,22098
49735,26137,MI,Otsego,24604
49738,26039,MI,Crawford,11509
49770,26047,MI,Emmet,35981
49779,26141,MI,Presque Isle,14758
49781,26097,MI,Mackinac,9863
49783,26033,MI,Chippewa,36876
49801,26043,MI,Dickinson,26212
49829,26041,MI,Delta,36456
49854,26153,MI,Schoolcraft,8216
49855,26103,MI,Marquette,67981
49858,26109,MI,Menominee,22718
49862,26003,MI,Alger,8110
49868,26095,MI,Luce,6386
49931,26061,MI,Houghton,38355
49935,26071,MI,Iron,11586
49938,26053,MI,Gogebic,14480
49946,26013,MI,Baraga,8135
49950,26083,MI,Keweenaw,1814
49953,26131,MI,Ontonagon,5483
50010,19169,IA,Story,97578
50022,19029,IA,Cass,13960
50023,19153,IA,Polk,493070
50025,19009,IA,Audubon,5103
50036,19015,IA,Boone,26812
50049,19117,IA,Lucas,8704
50060,19185,IA,Wayne,6294
50112,19157,IA,Poweshiek,19278
50125,19181,IA,Warren,51127
50126,19083,IA,Hardin,15806
50129,19073,IA,Greene,8606
50140,19053,IA,Decatur,7471
50158,19127,IA,Marshall,39701
50208,19099,IA,Jasper,36343
50213,19039,IA,Clarke,9860
50216,19077,IA,Guthrie,12345
50219,19125,IA,Marion,33810
50250,19001,IA,Adair,7421
50266,19049,IA,Dallas,107271
50273,19121,IA,Madison,23661
50401,19033,IA,Cerro Gordo,41883
50436,19189,IA,Winnebago,11981
50438,19081,IA,Hancock,10336
50441,19069,IA,Franklin,11729
50459,19195,IA,Worth,6981
50461,19131,IA,Mitchell,9554
50501,19187,IA,Webster,36705
50511,19109,IA,Kossuth,13972
50533,19197,IA,Wright,12793
50536,19147,IA,Palo Alto,9320
50548,19091,IA,Humboldt,9242
50574,19151,IA,Pocahontas,7472
50579,19025,IA,Calhoun,10371
50583,19161,IA,Sac,9089
50588,19021,IA,Buena Vista,20636
50595,19079,IA,Hamilton,14612
50613,19013,IA,Black Hawk,134178
50616,19067,IA,Floyd,15328
50638,19075,IA,Grundy,11538
50644,19019,IA,Buchanan,17975
50659,19037,IA,Chickasaw,12076
50662,19065,IA,Fayette,18870
50665,19023,IA,Butler,14650
50677,19017,IA,Bremer,25937
50801,19175,IA,Union,11567
50841,19003,IA,Adams,3309
50851,19173,IA,Taylor,6313
50854,19159,IA,Ringgold,4291
51012,19035,IA,Cherokee,11484
51031,19149,IA,Plymouth,33554
51040,19133,IA,Monona,8749
51106,19193,IA,Woodbury,97529
51246,19119,IA,Lyon,12263
51249,19143,IA,Osceola,6065
51250,19167,IA,Sioux,41232
51301,19041,IA,Clay,16414
51334,19063,IA,Emmet,9411
51346,19141,IA,O'Brien,9185
51360,19059,IA,Dickinson,17874
51401,19027,IA,Carroll,19401
51442,19047,IA,Crawford,16154
51445,19093,IA,Ida,7299
51503,19155,IA,Pottawattamie,92871
51534,19129,IA,Mills,13504
51537,19165,IA,Shelby,11401
51555,19085,IA,Harrison,14922
51566,19137,IA,Montgomery,11197
51632,19145,IA,Page,15002
51652,19071,IA,Fremont,6820
52001,19061,IA,Dubuque,91428
52052,19043,IA,Clayton,16209
52057,19055,IA,Delaware,20192
52060,19097,IA,Jackson,20091
52101,19191,IA,Winneshiek,19254
52136,19089,IA,Howard,10964
52172,19005,IA,Allamakee,16747
52205,19105,IA,Jones,23604
52240,19103,IA,Johnson,157808
52339,19171,IA,Tama,15121
52349,19011,IA,Benton,27380
52353,19183,IA,Washington,19443
52361,19095,IA,Iowa,16173
52402,19113,IA,Linn,228077
52501,19179,IA,Wapello,35389
52531,19135,IA,Monroe,7253
52537,19051,IA,Davis,8901
52544,19007,IA,Appanoose,12711
52556,19101,IA,Jefferson,16343
52565,19177,IA,Van Buren,6505
52577,19123,IA,Mahaska,20739
52591,19107,IA,Keokuk,9425
52601,19057,IA,Des Moines,38412
52627,19111,IA,Lee,34200
52641,19087,IA,Henry,20947
52722,19163,IA,Scott,175270
52732,19045,IA,Clinton,45931
52738,19115,IA,Louisa,9337
52761,19139,IA,Muscatine,42291
52772,19031,IA,Cedar,20989
53051,55133,WI,Waukesha,414026
53081,55117,WI,Sheboygan,117857
53092,55089,WI,Ozaukee,93006
53095,55131,WI,Washington,137417
53142,55059,WI,Kenosha,161928
53190,55127,WI,Walworth,107479
53215,55079,WI,Milwaukee,927809
53402,55101,WI,Racine,206054
53511,55105,WI,Rock,169979
53530,55065,WI,Lafayette,16228
53533,55049,WI,Iowa,22734
53538,55055,WI,Jefferson,76790
53566,55045,WI,Green,29866
53581,55103,WI,Richland,17038
53711,55025,WI,Dane,562990
53818,55043,WI,Grant,54388
53821,55023,WI,Crawford,15519
53901,55021,WI,Columbia,58239
53913,55111,WI,Sauk,64274
53916,55027,WI,Dodge,74377
53946,55047,WI,Green Lake,12074
53948,55057,WI,Juneau,27742
53949,55077,WI,Marquette,17614
53965,55001,WI,Adams,31340
54001,55095,WI,Polk,47164
54016,55109,WI,St. Croix,86899
54022,55093,WI,Pierce,49808
54115,55009,WI,Brown,267415
54121,55037,WI,Florence,3392
54135,55078,WI,Menominee,4100
54143,55075,WI,Marinette,41752
54153,55083,WI,Oconto,38369
54166,55115,WI,Shawano,46334
54217,55061,WI,Kewaunee,21341
54220,55071,WI,Manitowoc,80963
54235,55029,WI,Door,29675
54401,55073,WI,Marathon,131735
54409,55067,WI,Langlade,18971
54451,55119,WI,Taylor,19666
54452,55069,WI,Lincoln,32196
54456,55019,WI,Clark,34697
54481,55097,WI,Portage,67499
54494,55141,WI,Wood,75827
54501,55085,WI,Oneida,33872
54520,55041,WI,Forest,9962
54521,55125,WI,Vilas,26057
54534,55051,WI,Iron,6013
54555,55099,WI,Price,13886
54601,55063,WI,La Crosse,121410
54612,55121,WI,Trempealeau,31729
54615,55053,WI,Jackson,19227
54656,55081,WI,Monroe,45850
54665,55123,WI,Vernon,29694
54703,55035,WI,Eau Claire,109245
54729,55017,WI,Chippewa,65406
54736,55091,WI,Pepin,7565
54751,55033,WI,Dunn,44748
54755,55011,WI,Buffalo,14406
54801,55129,WI,Washburn,18168
54806,55003,WI,Ashland,17885
54840,55013,WI,Burnett,15741
54843,55113,WI,Sawyer,18913
54848,55107,WI,Rusk,12097
54868,55005,WI,Barron,44796
54880,55031,WI,Douglas,44805
54891,55007,WI,Bayfield,13601
54914,55087,WI,Outagamie,166605
54915,55015,WI,Calumet,97099
54923,55137,WI,Waushara,30928
54935,55039,WI,Fond du Lac,112750
54956,55139,WI,Winnebago,149597
54981,55135,WI,Waupaca,55414
55008,27059,MN,Isanti,34821
55021,27131,MN,Rice,69725
55041,27157,MN,Wabasha,21565
55044,27037,MN,Dakota,444028
55051,27065,MN,Kanabec,18912
55056,27025,MN,Chisago,53489
55060,27147,MN,Steele,37884
55063,27115,MN,Pine,28299
55066,27049,MN,Goodhue,49530
55106,27123,MN,Ramsey,544128
55125,27163,MN,Washington,255951
55303,27003,MN,Anoka,385428
55307,27143,MN,Sibley,13443
55313,27171,MN,Wright,121780
55318,27019,MN,Carver,104129
55330,27141,MN,Sherburne,116813
55350,27085,MN,McLeod,37847
55355,27093,MN,Meeker,23138
55369,27053,MN,Hennepin,1278241
55371,27095,MN,Mille Lacs,33304
55379,27139,MN,Scott,142844
55604,27031,MN,Cook,5633
55616,27075,MN,Lake,16046
55720,27017,MN,Carlton,38457
55744,27061,MN,Itasca,45147
55811,27137,MN,St. Louis,192552
55901,27109,MN,Olmsted,161722
55912,27099,MN,Mower,40601
55944,27039,MN,Dodge,20623
55947,27055,MN,Houston,19686
55975,27045,MN,Fillmore,22943
55987,27169,MN,Winona,48676
56001,27013,MN,Blue Earth,70068
56003,27103,MN,Nicollet,33669
56007,27047,MN,Freeborn,29510
56013,27043,MN,Faribault,13532
56031,27091,MN,Martin,20262
56071,27079,MN,Le Sueur,35733
56073,27015,MN,Brown,27408
56081,27165,MN,Watonwan,10872
56093,27161,MN,Waseca,19359
56101,27033,MN,Cottonwood,11312
56143,27063,MN,Jackson,9796
56156,27133,MN,Rock,10290
56164,27117,MN,Pipestone,8946
56172,27101,MN,Murray,7653
56178,27081,MN,Lincoln,5886
56187,27105,MN,Nobles,21390
56201,27067,MN,Kandiyohi,43360
56215,27151,MN,Swift,10075
56232,27073,MN,Lac qui Parle,6335
56241,27173,MN,Yellow Medicine,10172
56258,27083,MN,Lyon,26443
56265,27023,MN,Chippewa,11482
56267,27149,MN,Stevens,10018
56277,27129,MN,Renville,14891
56278,27011,MN,Big Stone,5006
56283,27127,MN,Redwood,15378
56296,27155,MN,Traverse,3381
56301,27145,MN,Stearns,166226
56308,27041,MN,Douglas,36078
56334,27121,MN,Pope,12984
56345,27097,MN,Morrison,32016
56347,27153,MN,Todd,26956
56379,27009,MN,Benton,33418
56401,27035,MN,Crow Wing,62473
56431,27001,MN,Aitkin,19032
56470,27057,MN,Hubbard,18823
56472,27021,MN,Cass,37220
56482,27159,MN,Wadena,17416
56501,27005,MN,Becker,33362
56510,27107,MN,Norman,6240
56520,27167,MN,Wilkin,6535
56531,27051,MN,Grant,6507
56537,27111,MN,Otter Tail,56793
56557,27087,MN,Mahnomen,6275
56560,27027,MN,Clay,66012
56601,27007,MN,Beltrami,45114
56621,27029,MN,Clearwater,12251
56623,27077,MN,Lake of the Woods,4320
56649,27071,MN,Koochiching,12368
56701,27113,MN,Pennington,14234
56721,27119,MN,Polk,32885
56728,27069,MN,Kittson,4112
56738,27089,MN,Marshall,5783
56750,27125,MN,Red Lake,4081
56751,27135,MN,Roseau,15036
57006,46011,SD,Brookings,34361
57028,46101,SD,Moody,5712
57042,46079,SD,Lake,11279
57049,46127,SD,Union,14242
57053,46125,SD,Turner,8701
57058,46087,SD,McCook,5855
57062,46009,SD,Bon Homme,7113
57069,46027,SD,Clay,14066
57078,46135,SD,Yankton,23741
57106,46099,SD,Minnehaha,207362
57108,46083,SD,Lincoln,64581
57201,46029,SD,Codington,28549
57212,46077,SD,Kingsbury,6173
57223,46057,SD,Hamlin,5065
57225,46025,SD,Clark,3595
57226,46039,SD,Deuel,5476
57252,46051,SD,Grant,8763
57262,46109,SD,Roberts,8976
57274,46037,SD,Day,5473
57301,46035,SD,Davison,20895
57311,46061,SD,Hanson,2450
57325,46015,SD,Brule,5357
57328,46043,SD,Douglas,3031
57339,46017,SD,Buffalo,1464
57345,46069,SD,Hyde,1290
57349,46097,SD,Miner,2107
57350,46005,SD,Beadle,19676
57362,46059,SD,Hand,3431
57366,46067,SD,Hutchinson,7845
57368,46003,SD,Aurora,2495
57380,46023,SD,Charles Mix,9208
57382,46073,SD,Jerauld,1251
57385,46111,SD,Sanborn,2532
57401,46013,SD,Brown,38102
57430,46091,SD,Marshall,4263
57437,46089,SD,McPherson,2390
57438,46049,SD,Faulk,1753
57442,46107,SD,Potter,2834
57451,46045,SD,Edmunds,3651
57469,46115,SD,Spink,6284
57472,46129,SD,Walworth,1838
57501,46065,SD,Hughes,18208
57532,46117,SD,Stanley,2941
57533,46053,SD,Gregory,3806
57548,46085,SD,Lyman,3704
57551,46007,SD,Bennett,3298
57555,46121,SD,Todd,8493
57559,46075,SD,Jones,1010
57564,46119,SD,Sully,1020
57567,46055,SD,Haakon,1751
57577,46071,SD,Jackson,2310
57579,46095,SD,Mellette,2203
57580,46123,SD,Tripp,5832
57623,46137,SD,Ziebach,1140
57625,46041,SD,Dewey,8867
57632,46021,SD,Campbell,1411
57638,46105,SD,Perkins,4050
57642,46031,SD,Corson,4255
57701,46103,SD,Pennington,103005
57717,46019,SD,Butte,11002
57719,46093,SD,Meade,39396
57720,46063,SD,Harding,1014
57730,46033,SD,Custer,8422
57747,46047,SD,Fall River,8136
57770,46102,SD,Oglala Lakota,13758
57783,46081,SD,Lawrence,25717
58054,38073,ND,Ransom,5345
58060,38081,ND,Sargent,3860
58072,38003,ND,Barnes,10634
58075,38077,ND,Richland,16486
58103,38017,ND,Cass,189617
58201,38035,ND,Grand Forks,72633
58220,38067,ND,Pembina,7098
58237,38099,ND,Walsh,10716
58240,38091,ND,Steele,3381
58249,38019,ND,Cavalier,3377
58257,38097,ND,Traill,6232
58301,38071,ND,Ramsey,11759
58316,38079,ND,Rolette,12099
58318,38009,ND,Bottineau,6465
58324,38095,ND,Towner,2068
58341,38103,ND,Wells,4250
58344,38063,ND,Nelson,3262
58356,38027,ND,Eddy,3001
58368,38069,ND,Pierce,3456
58370,38005,ND,Benson,5205
58401,38093,ND,Stutsman,21584
58421,38031,ND,Foster,3313
58425,38039,ND,Griggs,2242
58433,38045,ND,LaMoure,3727
58463,38083,ND,Sheridan,1118
58474,38021,ND,Dickey,5717
58482,38043,ND,Kidder,2085
58495,38051,ND,McIntosh,2444
58503,38015,ND,Burleigh,99726
58530,38065,ND,Oliver,1090
58533,38037,ND,Grant,2123
58538,38085,ND,Sioux,3465
58540,38055,ND,McLean,9591
58545,38057,ND,Mercer,8419
58552,38029,ND,Emmons,3291
58554,38059,ND,Morton,34400
58561,38047,ND,Logan,1713
58601,38089,ND,Stark,32391
58621,38033,ND,Golden Valley,1694
58622,38007,ND,Billings,2130
58623,38011,ND,Bowman,3295
58639,38001,ND,Adams,2068
58640,38025,ND,Dunn,4518
58646,38041,ND,Hettinger,1603
58647,38087,ND,Slope,1313
58701,38101,ND,Ward,68545
58730,38023,ND,Divide,2201
58761,38075,ND,Renville,2566
58763,38061,ND,Mountrail,9623
58773,38013,ND,Burke,2268
58790,38049,ND,McHenry,5726
58801,38105,ND,Williams,39413
58854,38053,ND,McKenzie,12210
59003,30075,MT,Powder River,2847
59011,30097,MT,Sweet Grass,3559
59019,30095,MT,Stillwater,9882
59034,30003,MT,Big Horn,12290
59036,30107,MT,Wheatland,2069
59038,30103,MT,Treasure,898
59043,30087,MT,Rosebud,8052
59046,30037,MT,Golden Valley,906
59047,30067,MT,Park,17241
59068,30009,MT,Carbon,10485
59072,30065,MT,Musselshell,4791
59087,30069,MT,Petroleum,348
59102,30111,MT,Yellowstone,167007
59201,30085,MT,Roosevelt,11337
59215,30055,MT,McCone,1400
59230,30105,MT,Valley,7409
59254,30091,MT,Sheridan,3727
59263,30019,MT,Daniels,1510
59270,30083,MT,Richland,11912
59301,30017,MT,Custer,11997
59313,30025,MT,Fallon,2882
59324,30011,MT,Carter,1079
59330,30021,MT,Dawson,8846
59337,30033,MT,Garfield,937
59349,30079,MT,Prairie,1255
59353,30109,MT,Wibaux,1164
59405,30013,MT,Cascade,84505
59417,30035,MT,Glacier,13743
59422,30099,MT,Teton,6384
59425,30073,MT,Pondera,6143
59442,30015,MT,Chouteau,5029
59457,30027,MT,Fergus,11600
59474,30101,MT,Toole,4852
59479,30045,MT,Judith Basin,2035
59501,30041,MT,Hill,17242
59522,30051,MT,Liberty,2070
59526,30005,MT,Blaine,6589
59538,30071,MT,Phillips,4606
59601,30049,MT,Lewis and Clark,73239
59634,30043,MT,Jefferson,12837
59644,30007,MT,Broadwater,5475
59645,30059,MT,Meagher,2005
59701,30093,MT,Silver Bow,35306
59711,30023,MT,Deer Lodge,9964
59718,30031,MT,Gallatin,122208
59722,30077,MT,Powell,7160
59725,30001,MT,Beaverhead,9560
59729,30057,MT,Madison,9671
59801,30063,MT,Missoula,118275
59825,30039,MT,Granite,5191
59840,30081,MT,Ravalli,46715
59859,30089,MT,Sanders,12859
59860,30047,MT,Lake,36017
59872,30061,MT,Mineral,5795
59901,30029,MT,Flathead,102179
59923,30053,MT,Lincoln,20656
60014,17111,IL,McHenry,326677
60085,17097,IL,Lake,699898
60115,17037,IL,DeKalb,104954
60148,17043,IL,DuPage,995196
60440,17197,IL,Will,695479
60450,17063,IL,Grundy,37434
60505,17089,IL,Kane,454393
60543,17093,IL,Kendall,134722
60629,17031,IL,Cook,5195376
60901,17091,IL,Kankakee,108142
60957,17053,IL,Ford,13454
60970,17075,IL,Iroquois,25827
61008,17007,IL,Boone,51084
61021,17103,IL,Lee,34718
61032,17177,IL,Stephenson,45183
61036,17085,IL,Jo Daviess,21448
61068,17141,IL,Ogle,50485
61074,17015,IL,Carroll,16253
61081,17195,IL,Whiteside,56331
61108,17201,IL,Winnebago,284318
61231,17131,IL,Mercer,16739
61265,17161,IL,Rock Island,143574
61326,17155,IL,Putnam,5648
61350,17099,IL,LaSalle,106930
61356,17011,IL,Bureau,32775
61401,17095,IL,Knox,49464
61443,17073,IL,Henry,47580
61455,17109,IL,McDonough,26553
61462,17187,IL,Warren,15040
61469,17071,IL,Henderson,5782
61491,17175,IL,Stark,5756
61520,17057,IL,Fulton,33821
61537,17123,IL,Marshall,9649
61548,17203,IL,Woodford,35842
61554,17179,IL,Tazewell,136447
61614,17143,IL,Peoria,180029
61727,17039,IL,De Witt,15031
61761,17113,IL,McLean,171107
61764,17105,IL,Livingston,32793
61820,17019,IL,Champaign,205876
61832,17183,IL,Vermilion,73323
61856,17147,IL,Piatt,17228
61920,17029,IL,Coles,46250
61944,17045,IL,Edgar,16470
61951,17139,IL,Moultrie,16560
61953,17041,IL,Douglas,16988
62016,17061,IL,Greene,12220
62040,17119,IL,Madison,269532
62047,17013,IL,Calhoun,4099
62052,17083,IL,Jersey,24443
62056,17135,IL,Montgomery,28408
62231,17027,IL,Clinton,32546
62233,17157,IL,Randolph,23450
62246,17005,IL,Bond,18338
62263,17189,IL,Washington,13142
62269,17163,IL,St. Clair,248247
62298,17133,IL,Monroe,41635
62301,17001,IL,Adams,64937
62321,17067,IL,Hancock,18567
62353,17009,IL,Brown,6310
62363,17149,IL,Pike,15109
62401,17049,IL,Effingham,33247
62439,17101,IL,Lawrence,15044
62441,17023,IL,Clark,16154
62447,17035,IL,Cumberland,9437
62448,17079,IL,Jasper,9416
62450,17159,IL,Richland,15706
62454,17033,IL,Crawford,18961
62471,17051,IL,Fayette,21771
62521,17115,IL,Macon,101864
62565,17173,IL,Shelby,20465
62568,17021,IL,Christian,34867
62618,17017,IL,Cass,13354
62626,17117,IL,Macoupin,40583
62644,17125,IL,Mason,10994
62650,17137,IL,Morgan,32287
62656,17107,IL,Logan,27603
62675,17129,IL,Menard,12309
62681,17169,IL,Schuyler,6585
62694,17171,IL,Scott,4467
62704,17167,IL,Sangamon,195146
62801,17121,IL,Marion,42043
62806,17047,IL,Edwards,5383
62812,17055,IL,Franklin,38588
62821,17193,IL,White,15208
62832,17145,IL,Perry,22433
62837,17191,IL,Wayne,15128
62839,17025,IL,Clay,14101
62859,17065,IL,Hamilton,7515
62863,17185,IL,Wabash,11027
62864,17081,IL,Jefferson,36921
62901,17077,IL,Jackson,51495
62906,17181,IL,Union,16168
62914,17003,IL,Alexander,4996
62931,17069,IL,Hardin,3151
62938,17151,IL,Pope,5904
62946,17165,IL,Saline,22522
62959,17199,IL,Williamson,67639
62960,17127,IL,Massac,14727
62964,17153,IL,Pulaski,4495
62984,17059,IL,Gallatin,4286
62995,17087,IL,Johnson,13001
63010,29099,MO,Jefferson,198934
63021,29189,MO,St. Louis,1313786
63090,29071,MO,Franklin,113513
63334,29163,MO,Pike,18627
63361,29139,MO,Montgomery,9894
63376,29183,MO,St. Charles,411888
63379,29113,MO,Lincoln,59966
63383,29219,MO,Warren,36637
63401,29127,MO,Marion,34102
63435,29111,MO,Lewis,10269
63445,29045,MO,Clark,6255
63459,29173,MO,Ralls,7455
63468,29205,MO,Shelby,6203
63501,29001,MO,Adair,26634
63537,29103,MO,Knox,4286
63552,29121,MO,Macon,15395
63555,29199,MO,Scotland,3888
63556,29211,MO,Sullivan,5608
63561,29197,MO,Schuyler,3375
63565,29171,MO,Putnam,4578
63638,29179,MO,Reynolds,4713
63640,29187,MO,St. Francois,69211
63645,29123,MO,Madison,12945
63650,29093,MO,Iron,9105
63664,29221,MO,Washington,21692
63670,29186,MO,Ste. Genevieve,17500
63701,29031,MO,Cape Girardeau,80588
63764,29017,MO,Bollinger,9501
63775,29157,MO,Perry,18487
63801,29201,MO,Scott,41149
63830,29155,MO,Pemiscot,14623
63841,29207,MO,Stoddard,29583
63845,29133,MO,Mississippi,12620
63857,29069,MO,Dunklin,28113
63873,29143,MO,New Madrid,13548
63901,29023,MO,Butler,41247
63935,29181,MO,Ripley,10272
63937,29035,MO,Carter,6169
63957,29223,MO,Wayne,12106
64012,29037,MO,Cass,106678
64055,29095,MO,Jackson,722033
64076,29107,MO,Lafayette,34264
64085,29177,MO,Ray,19745
64093,29101,MO,Johnson,51797
64118,29047,MO,Clay,262746
64152,29165,MO,Platte,107185
64402,29075,MO,Gentry,6384
64424,29081,MO,Harrison,7965
64429,29063,MO,DeKalb,16544
64456,29227,MO,Worth,1949
64465,29049,MO,Clinton,13971
64468,29147,MO,Nodaway,21128
64470,29087,MO,Holt,4237
64482,29005,MO,Atchison,5167
64505,29003,MO,Andrew,27075
64506,29021,MO,Buchanan,74659
64601,29117,MO,Livingston,14344
64628,29115,MO,Linn,8943
64633,29033,MO,Carroll,8451
64640,29061,MO,Daviess,8359
64644,29025,MO,Caldwell,9274
64658,29041,MO,Chariton,9661
64673,29129,MO,Mercer,3655
64683,29079,MO,Grundy,9464
64730,29013,MO,Bates,14636
64735,29083,MO,Henry,23533
64744,29039,MO,Cedar,14593
64759,29011,MO,Barton,11334
64772,29217,MO,Vernon,18745
64776,29185,MO,St. Clair,8771
64801,29097,MO,Jasper,104545
64804,29145,MO,Newton,77826
64831,29119,MO,McDonald,22566
65018,29135,MO,Moniteau,17989
65020,29029,MO,Camden,44159
65026,29131,MO,Miller,21824
65051,29151,MO,Osage,11117
65066,29073,MO,Gasconade,16091
65084,29141,MO,Morgan,22328
65109,29051,MO,Cole,75344
65203,29019,MO,Boone,178713
65233,29053,MO,Cooper,16253
65248,29089,MO,Howard,9025
65251,29027,MO,Callaway,43760
65265,29007,MO,Audrain,31140
65270,29175,MO,Randolph,26979
65275,29137,MO,Monroe,5375
65301,29159,MO,Pettis,42457
65340,29195,MO,Saline,23486
65355,29015,MO,Benton,19826
65401,29161,MO,Phelps,46451
65438,29203,MO,Shannon,7320
65453,29055,MO,Crawford,21790
65459,29125,MO,Maries,15159
65473,29169,MO,Pulaski,49210
65536,29105,MO,Laclede,35885
65542,29215,MO,Texas,23860
65560,29065,MO,Dent,14095
65608,29067,MO,Douglas,10215
65613,29167,MO,Polk,33384
65616,29213,MO,Taney,56995
65622,29059,MO,Dallas,16136
65655,29153,MO,Ozark,9651
65661,29057,MO,Dade,7393
65706,29225,MO,Webster,33003
65708,29009,MO,Barry,49283
65711,29229,MO,Wright,21354
65712,29109,MO,Lawrence,21813
65714,29043,MO,Christian,91615
65724,29085,MO,Hickory,8957
65737,29209,MO,Stone,31299
65775,29091,MO,Howell,40296
65791,29149,MO,Oregon,8265
65807,29077,MO,Greene,312392
66002,20005,KS,Atchison,16025
66032,20003,KS,Anderson,8061
66040,20107,KS,Linn,10168
66048,20103,KS,Leavenworth,88784
66049,20045,KS,Douglas,119904
66062,20091,KS,Johnson,605618
66067,20059,KS,Franklin,27036
66083,20121,KS,Miami,42427
66090,20043,KS,Doniphan,7021
66102,20209,KS,Wyandotte,159505
66401,20197,KS,Wabaunsee,6918
66434,20013,KS,Brown,9688
66436,20085,KS,Jackson,12831
66441,20061,KS,Geary,27312
66502,20161,KS,Riley,85285
66508,20117,KS,Marshall,10130
66512,20087,KS,Jefferson,18532
66523,20139,KS,Osage,15898
66534,20131,KS,Nemaha,10236
66547,20149,KS,Pottawatomie,21701
66614,20177,KS,Shawnee,178712
66701,20011,KS,Bourbon,14398
66713,20021,KS,Cherokee,19922
66720,20133,KS,Neosho,15897
66736,20205,KS,Wilson,8171
66749,20001,KS,Allen,12217
66762,20037,KS,Crawford,39699
66783,20207,KS,Woodson,2605
66801,20111,KS,Lyon,32747
66839,20031,KS,Coffey,8226
66845,20017,KS,Chase,2153
66846,20127,KS,Morris,7805
66901,20029,KS,Cloud,9231
66935,20157,KS,Republic,4475
66956,20089,KS,Jewell,3260
66967,20183,KS,Smith,3743
66968,20201,KS,Washington,5811
67003,20077,KS,Harper,5424
67005,20035,KS,Cowley,34469
67029,20033,KS,Comanche,1692
67042,20015,KS,Butler,68246
67045,20073,KS,Greenwood,6874
67054,20097,KS,Kiowa,2669
67063,20115,KS,Marion,11212
67068,20095,KS,Kingman,6653
67104,20007,KS,Barber,4083
67114,20079,KS,Harvey,35751
67124,20151,KS,Pratt,8667
67152,20191,KS,Sumner,29151
67212,20173,KS,Sedgwick,517477
67301,20125,KS,Montgomery,31743
67349,20049,KS,Elk,2231
67357,20099,KS,Labette,18349
67361,20019,KS,Chautauqua,3367
67401,20169,KS,Saline,53408
67410,20041,KS,Dickinson,14369
67420,20123,KS,Mitchell,4988
67432,20027,KS,Clay,7953
67439,20053,KS,Ellsworth,6449
67455,20105,KS,Lincoln,2857
67460,20113,KS,McPherson,31053
67467,20143,KS,Ottawa,7096
67473,20141,KS,Osborne,3851
67501,20155,KS,Reno,61189
67530,20009,KS,Barton,24519
67547,20047,KS,Edwards,2897
67548,20165,KS,Rush,3147
67550,20145,KS,Pawnee,6838
67554,20159,KS,Rice,9049
67560,20135,KS,Ness,2710
67576,20185,KS,Stafford,3903
67601,20051,KS,Ellis,29579
67642,20065,KS,Graham,2260
67654,20137,KS,Norton,5341
67661,20147,KS,Phillips,4835
67663,20163,KS,Rooks,4920
67665,20167,KS,Russell,6259
67672,20195,KS,Trego,2466
67701,20193,KS,Thomas,7593
67730,20153,KS,Rawlins,2499
67735,20181,KS,Sherman,5833
67740,20179,KS,Sheridan,2123
67748,20109,KS,Logan,3171
67749,20039,KS,Decatur,2753
67752,20063,KS,Gove,2972
67756,20023,KS,Cheyenne,2587
67758,20199,KS,Wallace,1528
67801,20057,KS,Ford,34070
67831,20025,KS,Clark,2040
67835,20069,KS,Gray,5483
67839,20101,KS,Lane,1501
67846,20055,KS,Finney,37728
67854,20083,KS,Hodgeman,1350
67855,20187,KS,Stanton,2014
67860,20093,KS,Kearny,3730
67861,20203,KS,Wichita,2235
67864,20119,KS,Meade,3945
67871,20171,KS,Scott,5067
67877,20081,KS,Haskell,4669
67878,20075,KS,Hamilton,2592
67879,20071,KS,Greeley,1293
67880,20067,KS,Grant,7316
67901,20175,KS,Seward,21402
67950,20129,KS,Morton,2676
67951,20189,KS,Stevens,5104
68008,31177,NE,Washington,19653
68025,31053,NE,Dodge,38749
68046,31153,NE,Sarpy,194900
68047,31173,NE,Thurston,7916
68048,31025,NE,Cass,26989
68061,31021,NE,Burt,6803
68066,31155,NE,Saunders,22365
68104,31055,NE,Douglas,586167
68305,31127,NE,Nemaha,6974
68310,31067,NE,Gage,22304
68333,31151,NE,Saline,15337
68352,31095,NE,Jefferson,7118
68355,31147,NE,Richardson,7829
68361,31059,NE,Fillmore,5572
68370,31169,NE,Thayer,5115
68410,31131,NE,Otoe,15415
68420,31133,NE,Pawnee,2451
68434,31159,NE,Seward,17388
68450,31097,NE,Johnson,5318
68467,31185,NE,York,13734
68516,31109,NE,Lancaster,322187
68601,31141,NE,Platte,36496
68620,31011,NE,Boone,5377
68622,31183,NE,Wheeler,610
68632,31023,NE,Butler,7906
68638,31125,NE,Nance,3263
68661,31037,NE,Colfax,9782
68665,31077,NE,Greeley,2308
68666,31143,NE,Polk,4880
68701,31119,NE,Madison,37678
68714,31149,NE,Rock,1520
68730,31107,NE,Knox,8924
68739,31027,NE,Cedar,8104
68756,31003,NE,Antelope,6892
68763,31089,NE,Holt,10195
68767,31139,NE,Pierce,6417
68776,31043,NE,Dakota,20853
68777,31015,NE,Boyd,1787
68778,31103,NE,Keya Paha,765
68779,31167,NE,Stanton,3123
68784,31051,NE,Dixon,5338
68787,31179,NE,Wayne,9302
68788,31039,NE,Cuming,8448
68801,31079,NE,Hall,63010
68818,31081,NE,Hamilton,9292
68822,31041,NE,Custer,10511
68823,31071,NE,Garfield,2087
68826,31121,NE,Merrick,7505
68833,31009,NE,Blaine,329
68845,31019,NE,Buffalo,51520
68850,31047,NE,Dawson,23715
68853,31163,NE,Sherman,2794
68862,31175,NE,Valley,4143
68873,31093,NE,Howard,6476
68879,31115,NE,Loup,366
68901,31001,NE,Adams,30675
68920,31083,NE,Harlan,2553
68922,31065,NE,Furnas,3654
68937,31073,NE,Gosper,2002
68939,31061,NE,Franklin,3476
68949,31137,NE,Phelps,9006
68959,31099,NE,Kearney,5531
68970,31181,NE,Webster,3447
68978,31129,NE,Nuckolls,4238
68979,31035,NE,Clay,6460
69001,31145,NE,Red Willow,10887
69021,31057,NE,Dundy,1754
69022,31063,NE,Frontier,4020
69024,31087,NE,Hitchcock,2189
69033,31029,NE,Chase,3768
69040,31085,NE,Hayes,1029
69101,31111,NE,Lincoln,33856
69121,31005,NE,Arthur,381
69129,31049,NE,Deuel,1910
69140,31135,NE,Perkins,2727
69145,31105,NE,Kimball,3349
69152,31091,NE,Hooker,707
69153,31101,NE,Keith,8164
69154,31069,NE,Garden,1687
69162,31033,NE,Cheyenne,9710
69163,31113,NE,Logan,914
69166,31171,NE,Thomas,742
69167,31117,NE,McPherson,372
69201,31031,NE,Cherry,8330
69210,31017,NE,Brown,2774
69301,31013,NE,Box Butte,10880
69334,31123,NE,Morrill,4632
69337,31045,NE,Dawes,8076
69341,31157,NE,Scotts Bluff,13900
69345,31007,NE,Banner,448
69347,31161,NE,Sheridan,2868
69350,31075,NE,Grant,617
69361,31165,NE,Sioux,23120
70037,22075,LA,Plaquemines,23260
70043,22087,LA,St. Bernard,43982
70068,22095,LA,St. John the Baptist,41880
70070,22089,LA,St. Charles,49956
70072,22051,LA,Jefferson,432484
70090,22093,LA,St. James,21451
70119,22071,LA,Orleans,376035
70301,22057,LA,Lafourche,96187
70364,22109,LA,Terrebonne,108040
70380,22101,LA,St. Mary,49247
70390,22007,LA,Assumption,17837
70433,22103,LA,St. Tammany,269138
70438,22117,LA,Washington,46164
70441,22091,LA,St. Helena,7127
70454,22105,LA,Tangipahoa,142042
70506,22055,LA,Lafayette,246628
70510,22113,LA,Vermilion,51994
70517,22099,LA,St. Martin,45816
70535,22001,LA,Acadia,81593
70546,22053,LA,Jefferson Davis,29393
70560,22045,LA,Iberia,71759
70570,22097,LA,St. Landry,67998
70586,22039,LA,Evangeline,27937
70605,22019,LA,Calcasieu,187354
70607,22023,LA,Cameron,31737
70634,22011,LA,Beauregard,38135
70726,22063,LA,Livingston,141010
70748,22037,LA,East Feliciana,20938
70760,22077,LA,Pointe Coupee,19496
70764,22047,LA,Iberville,30872
70767,22121,LA,West Baton Rouge,27686
70769,22005,LA,Ascension,129723
70775,22125,LA,West Feliciana,15319
70816,22033,LA,East Baton Rouge,451261
71001,22013,LA,Bienville,11749
71019,22081,LA,Red River,7638
71040,22027,LA,Claiborne,12605
71052,22031,LA,De Soto,26527
71055,22119,LA,Webster,37259
71106,22017,LA,Caddo,235859
71111,22015,LA,Bossier,126201
71203,22073,LA,Ouachita,152672
71220,22067,LA,Morehouse,24901
71241,22111,LA,Union,26353
71251,22049,LA,Jackson,15416
71254,22035,LA,East Carroll,7159
71263,22123,LA,West Carroll,9743
71269,22083,LA,Richland,14256
71270,22061,LA,Lincoln,49601
71282,22065,LA,Madison,15202
71295,22041,LA,Franklin,18933
71334,22029,LA,Concordia,16560
71342,22059,LA,LaSalle,13984
71343,22025,LA,Catahoula,10659
71351,22009,LA,Avoyelles,39458
71360,22079,LA,Rapides,127377
71366,22107,LA,Tensas,3992
71418,22021,LA,Caldwell,10006
71446,22115,LA,Vernon,46781
71449,22085,LA,Sabine,21586
71457,22069,LA,Natchitoches,37468
71463,22003,LA,Allen,22396
71467,22043,LA,Grant,22865
71483,22127,LA,Winn,13893
71603,5069,AR,Jefferson,66173
71635,5003,AR,Ashley,18927
71653,5017,AR,Chicot,7462
71654,5041,AR,Desha,6528
71655,5043,AR,Drew,19189
71665,5025,AR,Cleveland,6816
71667,5079,AR,Lincoln,18032
71671,5011,AR,Bradley,10772
71701,5103,AR,Ouachita,23145
71730,5139,AR,Union,38756
71742,5039,AR,Dallas,7441
71744,5013,AR,Calhoun,3577
71753,5027,AR,Columbia,21701
71801,5057,AR,Hempstead,17965
71822,5081,AR,Little River,11959
71832,5133,AR,Sevier,15852
71852,5061,AR,Howard,14414
71854,5091,AR,Miller,42588
71857,5099,AR,Nevada,8527
71861,5073,AR,Lafayette,7707
71913,5051,AR,Garland,107979
71923,5019,AR,Clark,23398
71943,5109,AR,Pike,9151
71953,5113,AR,Polk,19497
71957,5097,AR,Montgomery,7145
72019,5125,AR,Saline,126640
72021,5095,AR,Monroe,6717
72023,5085,AR,Lonoke,78869
72031,5141,AR,Van Buren,16471
72034,5045,AR,Faulkner,125110
72064,5117,AR,Prairie,7233
72076,5119,AR,Pulaski,390881
72101,5147,AR,Woodruff,6270
72104,5059,AR,Hot Spring,30272
72110,5029,AR,Conway,19356
72112,5067,AR,Jackson,18028
72126,5105,AR,Perry,10511
72143,5145,AR,White,77066
72150,5053,AR,Grant,15959
72160,5001,AR,Arkansas,17019
72301,5035,AR,Crittenden,48724
72315,5093,AR,Mississippi,39453
72335,5123,AR,St. Francis,21864
72360,5077,AR,Lee,8070
72390,5107,AR,Phillips,16033
72396,5037,AR,Cross,16538
72401,5031,AR,Craighead,113037
72450,5055,AR,Greene,44746
72454,5021,AR,Clay,14769
72455,5121,AR,Randolph,20852
72472,5111,AR,Poinsett,23033
72476,5075,AR,Lawrence,15743
72501,5063,AR,Independence,36595
72521,5135,AR,Sharp,20146
72543,5023,AR,Cleburne,25173
72556,5065,AR,Izard,11694
72560,5137,AR,Stone,10531
72576,5049,AR,Fulton,10260
72601,5009,AR,Boone,35911
72616,5015,AR,Carroll,29143
72641,5101,AR,Newton,7094
72650,5129,AR,Searcy,8048
72653,5005,AR,Baxter,44333
72687,5089,AR,Marion,17920
72740,5087,AR,Madison,22642
72758,5007,AR,Benton,282574
72764,5143,AR,Washington,258797
72802,5115,AR,Pope,64964
72830,5071,AR,Johnson,24970
72834,5149,AR,Yell,20681
72903,5131,AR,Sebastian,127798
72927,5083,AR,Logan,22150
72949,5047,AR,Franklin,21453
72956,5033,AR,Crawford,57887
72958,5127,AR,Scott,8112
73005,40015,OK,Caddo,28484
73010,40051,OK,Grady,66720
73013,40109,OK,Oklahoma,831607
73044,40083,OK,Logan,49038
73065,40087,OK,McClain,28005
73075,40049,OK,Garvin,28255
73077,40103,OK,Noble,10826
73086,40099,OK,Murray,13082
73096,40039,OK,Custer,27996
73099,40017,OK,Canadian,152255
73160,40027,OK,Cleveland,281866
73401,40019,OK,Carter,48878
73446,40095,OK,Marshall,15685
73448,40085,OK,Love,9544
73460,40069,OK,Johnston,10892
73505,40031,OK,Comanche,120970
73521,40065,OK,Jackson,24784
73533,40137,OK,Stephens,44036
73542,40141,OK,Tillman,6832
73550,40057,OK,Harmon,2423
73554,40055,OK,Greer,5493
73572,40033,OK,Cotton,6128
73573,40067,OK,Jefferson,5409
73628,40129,OK,Roger Mills,4342
73632,40149,OK,Washita,10411
73644,40009,OK,Beckham,22317
73651,40075,OK,Kiowa,8616
73703,40047,OK,Garfield,62708
73717,40151,OK,Woods,9119
73728,40003,OK,Alfalfa,5204
73737,40093,OK,Major,7353
73750,40073,OK,Kingfisher,14723
73759,40053,OK,Grant,4137
73772,40011,OK,Blaine,7858
73801,40153,OK,Woodward,18857
73834,40059,OK,Harper,1791
73858,40045,OK,Ellis,4951
73859,40043,OK,Dewey,4725
73932,40007,OK,Beaver,6429
73933,40025,OK,Cimarron,2178
73942,40139,OK,Texas,20875
74006,40147,OK,Washington,39189
74012,40143,OK,Tulsa,678227
74014,40145,OK,Wagoner,77218
74017,40131,OK,Rogers,79781
74020,40117,OK,Pawnee,13315
74048,40105,OK,Nowata,9246
74066,40037,OK,Creek,68084
74074,40119,OK,Payne,83463
74127,40113,OK,Osage,77215
74301,40035,OK,Craig,16636
74344,40041,OK,Delaware,41753
74354,40115,OK,Ottawa,29070
74361,40097,OK,Mayes,37991
74403,40101,OK,Muskogee,71730
74432,40091,OK,McIntosh,20834
74447,40111,OK,Okmulgee,40783
74462,40061,OK,Haskell,12355
74464,40021,OK,Cherokee,43884
74501,40121,OK,Pittsburg,40853
74523,40127,OK,Pushmataha,10502
74525,40005,OK,Atoka,12800
74538,40029,OK,Coal,5257
74578,40077,OK,Latimer,10899
74601,40071,OK,Kay,46600
74701,40013,OK,Bryan,47757
74728,40089,OK,McCurtain,30904
74743,40023,OK,Choctaw,14461
74804,40125,OK,Pottawatomie,70936
74820,40123,OK,Pontotoc,38406
74834,40081,OK,Lincoln,31246
74848,40063,OK,Hughes,13637
74859,40107,OK,Okfuskee,11609
74868,40133,OK,Seminole,25480
74953,40079,OK,Le Flore,46961
74955,40135,OK,Sequoyah,40172
74960,40001,OK,Adair,20172
75035,48085,TX,Collin,1152126
75052,48113,TX,Dallas,2688153
75068,48121,TX,Denton,893355
75092,48181,TX,Grayson,144823
75103,48467,TX,Van Zandt,66810
75110,48349,TX,Navarro,52570
75126,48257,TX,Kaufman,162141
75165,48139,TX,Ellis,213096
75189,48397,TX,Rockwall,124029
75401,48231,TX,Hunt,92316
75418,48147,TX,Fannin,35689
75426,48387,TX,Red River,12037
75432,48119,TX,Delta,5239
75440,48379,TX,Rains,11770
75455,48449,TX,Titus,29800
75457,48159,TX,Franklin,9012
75460,48277,TX,Lamar,49918
75482,48223,TX,Hopkins,36412
75501,48037,TX,Bowie,92035
75551,48067,TX,Cass,32165
75602,48203,TX,Harrison,82375
75605,48183,TX,Gregg,132351
75633,48365,TX,Panola,21507
75638,48343,TX,Morris,10117
75644,48459,TX,Upshur,31872
75652,48401,TX,Rusk,44503
75657,48315,TX,Marion,6842
75686,48063,TX,Camp,14923
75703,48423,TX,Smith,220832
75751,48213,TX,Henderson,76569
75766,48073,TX,Cherokee,64104
75773,48499,TX,Wood,49916
75803,48001,TX,Anderson,59309
75831,48289,TX,Leon,19363
75835,48225,TX,Houston,22874
75840,48161,TX,Freestone,18249
75862,48455,TX,Trinity,13690
75904,48005,TX,Angelina,86955
75935,48419,TX,Shelby,24808
75948,48403,TX,Sabine,8026
75951,48241,TX,Jasper,33969
75964,48347,TX,Nacogdoches,66268
75966,48351,TX,Newton,9595
75972,48405,TX,San Augustine,9717
75979,48457,TX,Tyler,19894
76028,48251,TX,Johnson,207411
76043,48425,TX,Somervell,9051
76049,48221,TX,Hood,65770
76063,48439,TX,Tarrant,2027975
76067,48363,TX,Palo Pinto,27917
76087,48367,TX,Parker,177688
76230,48337,TX,Montague,21604
76234,48497,TX,Wise,69226
76240,48097,TX,Cooke,38797
76305,48077,TX,Clay,11839
76308,48485,TX,Wichita,111682
76310,48009,TX,Archer,25501
76371,48275,TX,Knox,3226
76372,48447,TX,Throckmorton,2560
76380,48023,TX,Baylor,3484
76384,48487,TX,Wilbarger,12649
76401,48143,TX,Erath,42293
76424,48429,TX,Stephens,8783
76430,48417,TX,Shackelford,3371
76437,48133,TX,Eastland,18617
76442,48093,TX,Comanche,12638
76450,48503,TX,Young,17464
76458,48237,TX,Jack,8690
76522,48099,TX,Coryell,95495
76531,48193,TX,Hamilton,11328
76549,48027,TX,Bell,371028
76550,48281,TX,Lampasas,23994
76567,48331,TX,Milam,25405
76634,48035,TX,Bosque,20139
76645,48217,TX,Hill,36145
76661,48145,TX,Falls,21374
76667,48293,TX,Limestone,24929
76706,48309,TX,McLennan,252140
76801,48049,TX,Brown,38301
76821,48399,TX,Runnels,8497
76825,48307,TX,McCulloch,7612
76834,48083,TX,Coleman,7656
76837,48095,TX,Concho,3355
76844,48333,TX,Mills,4070
76849,48267,TX,Kimble,7328
76856,48319,TX,Mason,3841
76859,48327,TX,Menard,1719
76877,48411,TX,San Saba,5615
76904,48451,TX,Tom Green,119284
76932,48383,TX,Reagan,3239
76936,48413,TX,Schleicher,4238
76941,48235,TX,Irion,1323
76943,48105,TX,Crockett,4402
76945,48081,TX,Coke,3213
76950,48435,TX,Sutton,3490
76951,48431,TX,Sterling,1389
77320,48471,TX,Walker,79307
77328,48407,TX,San Jacinto,35274
77351,48373,TX,Polk,51587
77386,48339,TX,Montgomery,643155
77414,48321,TX,Matagorda,36701
77423,48473,TX,Waller,51722
77437,48481,TX,Wharton,41951
77449,48201,TX,Harris,4774139
77474,48015,TX,Austin,32330
77494,48157,TX,Fort Bend,822680
77523,48071,TX,Chambers,43370
77535,48291,TX,Liberty,96960
77573,48167,TX,Galveston,375096
77584,48039,TX,Brazoria,400971
77630,48361,TX,Orange,86653
77642,48245,TX,Jefferson,252921
77657,48199,TX,Hardin,56951
77833,48477,TX,Washington,36918
77836,48051,TX,Burleson,18338
77845,48041,TX,Brazos,237584
77859,48395,TX,Robertson,15722
77864,48313,TX,Madison,13105
77868,48185,TX,Grimes,31108
77901,48469,TX,Victoria,91670
77954,48123,TX,DeWitt,26760
77957,48239,TX,Jackson,14003
77963,48175,TX,Goliad,5707
77964,48285,TX,Lavaca,14680
77979,48057,TX,Calhoun,20082
78006,48259,TX,Kendall,72230
78014,48283,TX,La Salle,5561
78022,48297,TX,Live Oak,12782
78028,48265,TX,Kerr,51813
78046,48479,TX,Webb,269116
78061,48163,TX,Frio,17967
78063,48019,TX,Bandera,23372
78064,48013,TX,Atascosa,50643
78072,48311,TX,McMullen,506
78076,48505,TX,Zapata,14345
78102,48025,TX,Bee,30374
78114,48493,TX,Wilson,49364
78119,48255,TX,Karnes,13641
78130,48187,TX,Guadalupe,209114
78132,48091,TX,Comal,108353
78245,48029,TX,Bexar,2048482
78332,48249,TX,Jim Wells,35512
78355,48047,TX,Brooks,7324
78361,48247,TX,Jim Hogg,4797
78374,48409,TX,San Patricio,75361
78377,48391,TX,Refugio,6496
78382,48007,TX,Aransas,20873
78384,48131,TX,Duval,10560
78385,48261,TX,Kenedy,52
78414,48355,TX,Nueces,321870
78418,48273,TX,Kleberg,60821
78521,48061,TX,Cameron,422926
78542,48215,TX,Hidalgo,880849
78580,48489,TX,Willacy,20561
78582,48427,TX,Starr,65314
78602,48021,TX,Bastrop,103440
78606,48031,TX,Blanco,11509
78613,48491,TX,Williamson,569887
78624,48171,TX,Gillespie,24459
78629,48177,TX,Gonzales,19722
78639,48299,TX,Llano,25240
78644,48055,TX,Caldwell,46280
78654,48053,TX,Burnet,42495
78660,48453,TX,Travis,1372629
78666,48209,TX,Hays,275749
78801,48463,TX,Uvalde,24124
78832,48271,TX,Kinney,3140
78834,48127,TX,Dimmit,8507
78839,48507,TX,Zavala,9532
78840,48465,TX,Val Verde,47606
78852,48323,TX,Maverick,57770
78861,48325,TX,Medina,47213
78873,48385,TX,Real,2869
78880,48137,TX,Edwards,1164
78934,48089,TX,Colorado,20540
78942,48287,TX,Lee,17379
78945,48149,TX,Fayette,24292
79005,48295,TX,Lipscomb,2982
79007,48233,TX,Hutchinson,16721
79014,48211,TX,Hemphill,3370
79019,48011,TX,Armstrong,1754
79022,48111,TX,Dallam,11543
79027,48069,TX,Castro,6894
79029,48341,TX,Moore,18117
79035,48369,TX,Parmer,9444
79036,48065,TX,Carson,10086
79044,48205,TX,Hartley,1049
79045,48117,TX,Deaf Smith,18976
79059,48393,TX,Roberts,669
79065,48179,TX,Gray,21178
79070,48357,TX,Ochiltree,9783
79072,48189,TX,Hale,33004
79079,48483,TX,Wheeler,4918
79081,48195,TX,Hansford,5300
79086,48421,TX,Sherman,4862
79088,48437,TX,Swisher,6379
79092,48359,TX,Oldham,1368
79095,48087,TX,Collingsworth,2598
79107,48375,TX,Potter,119317
79109,48381,TX,Randall,142413
79201,48075,TX,Childress,6851
79226,48129,TX,Donley,3429
79227,48155,TX,Foard,1155
79235,48153,TX,Floyd,5236
79236,48269,TX,King,179
79244,48345,TX,Motley,1238
79245,48191,TX,Hall,2832
79248,48101,TX,Cottle,1243
79252,48197,TX,Hardeman,3564
79257,48045,TX,Briscoe,1175
79316,48445,TX,Terry,11298
79322,48107,TX,Crosby,5137
79331,48115,TX,Dawson,13092
79339,48279,TX,Lamb,11738
79346,48079,TX,Cochran,2588
79347,48017,TX,Bailey,8765
79355,48501,TX,Yoakum,1652
79356,48169,TX,Garza,5475
79360,48165,TX,Gaines,28146
79370,48125,TX,Dickens,1746
79373,48305,TX,Lynn,4525
79407,48219,TX,Hockley,42921
79424,48303,TX,Lubbock,292127
79502,48433,TX,Stonewall,1205
79510,48059,TX,Callahan,12983
79512,48335,TX,Mitchell,9037
79521,48207,TX,Haskell,5365
79528,48263,TX,Kent,683
79546,48151,TX,Fisher,3145
79549,48415,TX,Scurry,16662
79556,48353,TX,Nolan,15611
79601,48253,TX,Jones,38312
79606,48441,TX,Taylor,126523
79705,48317,TX,Martin,49912
79707,48329,TX,Midland,144927
79714,48003,TX,Andrews,18518
79720,48227,TX,Howard,33463
79731,48103,TX,Crane,4319
79734,48243,TX,Jeff Davis,1740
79735,48371,TX,Pecos,13367
79738,48033,TX,Borden,540
79739,48173,TX,Glasscock,862
79745,48495,TX,Winkler,7540
79752,48461,TX,Upton,3216
79754,48301,TX,Loving,54
79756,48475,TX,Ward,11234
79762,48135,TX,Ector,145562
79772,48389,TX,Reeves,13240
79830,48043,TX,Brewster,9165
79845,48377,TX,Presidio,6043
79848,48443,TX,Terrell,958
79851,48229,TX,Hudspeth,2752
79855,48109,TX,Culberson,2340
79936,48141,TX,El Paso,866692
80013,8005,CO,Arapahoe,601156
80020,8014,CO,Broomfield,115617
80022,8001,CO,Adams,545888
80107,8039,CO,Elbert,24323
80123,8059,CO,Jefferson,565098
80134,8035,CO,Douglas,365049
80219,8031,CO,Denver,719028
80421,8093,CO,Park,15747
80422,8047,CO,Gilpin,5292
80424,8117,CO,Summit,31624
80439,8019,CO,Clear Creek,30425
80446,8049,CO,Grand,15006
80461,8065,CO,Lake,7411
80480,8057,CO,Jackson,1422
80487,8107,CO,Routt,24978
80501,8013,CO,Boulder,285296
80525,8069,CO,Larimer,352634
80634,8123,CO,Weld,386260
80701,8087,CO,Morgan,29450
80720,8121,CO,Washington,4324
80734,8095,CO,Phillips,4805
80737,8115,CO,Sedgwick,2341
80751,8075,CO,Logan,21056
80759,8125,CO,Yuma,9781
80807,8063,CO,Kit Carson,7149
80810,8017,CO,Cheyenne,1730
80828,8073,CO,Lincoln,6868
80863,8119,CO,Teller,25516
80918,8041,CO,El Paso,731825
81007,8101,CO,Pueblo,168417
81036,8061,CO,Kiowa,1366
81050,8089,CO,Otero,17120
81052,8099,CO,Prowers,11289
81054,8011,CO,Bent,6133
81063,8025,CO,Crowley,5695
81073,8009,CO,Baca,3481
81082,8071,CO,Las Animas,14351
81089,8055,CO,Huerfano,8660
81101,8003,CO,Alamosa,16551
81120,8021,CO,Conejos,5988
81125,8109,CO,Saguache,6776
81130,8079,CO,Mineral,786
81144,8105,CO,Rio Grande,11245
81147,8007,CO,Archuleta,13302
81151,8023,CO,Costilla,4948
81201,8015,CO,Chaffee,19932
81212,8043,CO,Fremont,49450
81230,8051,CO,Gunnison,16527
81235,8053,CO,Hinsdale,845
81252,8027,CO,Custer,4929
81301,8067,CO,La Plata,56822
81321,8083,CO,Montezuma,21036
81323,8033,CO,Dolores,7804
81401,8085,CO,Montrose,44484
81416,8029,CO,Delta,30070
81432,8091,CO,Ouray,4401
81433,8111,CO,San Juan,626
81435,8113,CO,San Miguel,8634
81504,8077,CO,Mesa,156431
81601,8045,CO,Garfield,48212
81620,8037,CO,Eagle,43274
81623,8097,CO,Pitkin,30694
81625,8081,CO,Moffat,13262
81650,8103,CO,Rio Blanco,20481
82001,56021,WY,Laramie,100685
82070,56001,WY,Albany,37705
82201,56031,WY,Platte,8723
82225,56027,WY,Niobrara,2373
82240,56015,WY,Goshen,12510
82301,56007,WY,Carbon,14444
82401,56043,WY,Washakie,7836
82414,56029,WY,Park,31047
82431,56003,WY,Big Horn,11208
82443,56017,WY,Hot Springs,4602
82501,56013,WY,Fremont,39468
82604,56025,WY,Natrona,79701
82633,56009,WY,Converse,13765
82701,56045,WY,Weston,6875
82718,56005,WY,Campbell,47162
82721,56011,WY,Crook,7149
82801,56033,WY,Sheridan,31579
82834,56019,WY,Johnson,8490
82901,56037,WY,Sweetwater,41786
82930,56041,WY,Uinta,20642
82941,56035,WY,Sublette,8806
83001,56039,WY,Teton,22830
83110,56023,WY,Lincoln,20210
83201,16005,ID,Bannock,71906
83204,16077,ID,Power,25767
83213,16023,ID,Butte,2964
83221,16011,ID,Bingham,47851
83226,16037,ID,Custer,4109
83252,16071,ID,Oneida,4667
83254,16007,ID,Bear Lake,6359
83263,16041,ID,Franklin,14715
83276,16029,ID,Caribou,7249
83301,16083,ID,Twin Falls,93666
83318,16031,ID,Cassia,26171
83327,16025,ID,Camas,1107
83330,16047,ID,Gooding,13299
83333,16013,ID,Blaine,24541
83338,16053,ID,Jerome,24830
83350,16067,ID,Minidoka,22157
83352,16063,ID,Lincoln,5225
83401,16019,ID,Bonneville,128290
83423,16033,ID,Clark,701
83440,16065,ID,Madison,55519
83442,16051,ID,Jefferson,31220
83445,16043,ID,Fremont,11596
83455,16081,ID,Teton,12101
83467,16059,ID,Lemhi,8158
83501,16069,ID,Nez Perce,43674
83523,16061,ID,Lewis,1512
83530,16049,ID,Idaho,18475
83544,16035,ID,Clearwater,8389
83612,16003,ID,Adams,4474
83617,16045,ID,Gem,19044
83622,16015,ID,Boise,5984
83628,16073,ID,Owyhee,15142
83638,16085,ID,Valley,12333
83646,16001,ID,Ada,490143
83647,16039,ID,Elmore,49123
83661,16075,ID,Payette,24899
83672,16087,ID,Washington,10866
83686,16027,ID,Canyon,241156
83805,16021,ID,Boundary,12673
83837,16079,ID,Shoshone,13492
83843,16057,ID,Latah,40238
83854,16055,ID,Kootenai,179597
83861,16009,ID,Benewah,10411
83864,16017,ID,Bonner,47240
84015,49011,UT,Davis,358348
84032,49051,UT,Wasatch,33069
84043,49049,UT,Utah,679941
84046,49009,UT,Daggett,735
84050,49029,UT,Morgan,12585
84064,49033,UT,Rich,2588
84066,49013,UT,Duchesne,22954
84074,49045,UT,Tooele,76731
84078,49047,UT,Uintah,33388
84096,49035,UT,Salt Lake,1188010
84098,49043,UT,Summit,45343
84302,49003,UT,Box Elder,59425
84321,49005,UT,Cache,137031
84404,49057,UT,Weber,274577
84501,49007,UT,Carbon,20446
84511,49037,UT,San Juan,12536
84528,49015,UT,Emery,9968
84532,49019,UT,Grand,10648
84624,49027,UT,Millard,13179
84627,49039,UT,Sanpete,29590
84648,49023,UT,Juab,12148
84701,49041,UT,Sevier,21858
84713,49001,UT,Beaver,7172
84721,49021,UT,Iron,60112
84741,49025,UT,Kane,7917
84747,49055,UT,Wayne,2545
84750,49031,UT,Piute,1783
84759,49017,UT,Garfield,5088
84790,49053,UT,Washington,189913
85142,4021,AZ,Pinal,539755
85326,4013,AZ,Maricopa,4424959
85344,4012,AZ,La Paz,16605
85364,4027,AZ,Yuma,207287
85540,4011,AZ,Greenlee,9454
85541,4007,AZ,Gila,60919
85546,4009,AZ,Graham,46695
85635,4003,AZ,Cochise,118598
85648,4023,AZ,Santa Cruz,48686
85706,4019,AZ,Pima,1026316
85901,4017,AZ,Navajo,97183
86001,4005,AZ,Coconino,144040
86314,4025,AZ,Yavapai,243233
86442,4015,AZ,Mohave,217003
86503,4001,AZ,Apache,69057
87020,35006,NM,Cibola,29105
87031,35061,NM,Valencia,71275
87035,35057,NM,Torrance,12903
87121,35001,NM,Bernalillo,671011
87124,35043,NM,Sandoval,172192
87301,35031,NM,McKinley,69627
87401,35045,NM,San Juan,119461
87507,35049,NM,Santa Fe,156550
87532,35039,NM,Rio Arriba,44772
87547,35028,NM,Los Alamos,5568
87571,35055,NM,Taos,33334
87701,35047,NM,San Miguel,27026
87732,35033,NM,Mora,4113
87740,35007,NM,Colfax,12308
87801,35053,NM,Socorro,16606
87829,35003,NM,Catron,3685
87901,35051,NM,Sierra,11491
88001,35013,NM,Doa Ana,214967
88030,35029,NM,Luna,25420
88045,35023,NM,Hidalgo,4273
88061,35017,NM,Grant,27680
88101,35009,NM,Curry,47787
88119,35011,NM,De Baca,1612
88130,35041,NM,Roosevelt,19057
88203,35005,NM,Chaves,65405
88220,35015,NM,Eddy,60651
88240,35025,NM,Lea,73154
88310,35035,NM,Otero,74321
88345,35027,NM,Lincoln,20238
88401,35037,NM,Quay,7857
88415,35059,NM,Union,4100
88426,35021,NM,Harding,1579
88435,35019,NM,Guadalupe,4266
89010,32009,NV,Esmeralda,815
89031,32003,NV,Clark,2293727
89042,32017,NV,Lincoln,4452
89048,32023,NV,Nye,53434
89301,32033,NV,White Pine,8781
89403,32019,NV,Lyon,37156
89406,32001,NV,Churchill,49639
89415,32021,NV,Mineral,4557
89419,32027,NV,Pershing,5211
89434,32029,NV,Storey,28626
89436,32031,NV,Washoe,466697
89445,32013,NV,Humboldt,18539
89460,32005,NV,Douglas,42931
89701,32025,NV,Ormsby,65163
89801,32007,NV,Elko,51807
89820,32015,NV,Lander,5752
89822,32011,NV,Eureka,3721
90011,6037,CA,Los Angeles,9847222
91911,6073,CA,San Diego,3316320
92243,6025,CA,Imperial,173680
92336,6071,CA,San Bernardino,2178740
92503,6065,CA,Riverside,2454198
92683,6059,CA,Orange,3136556
93033,6111,CA,Ventura,848566
93230,6031,CA,Kings,151480
93257,6107,CA,Tulare,501613
93307,6029,CA,Kern,903338
93446,6079,CA,San Luis Obispo,276441
93458,6083,CA,Santa Barbara,444243
93513,6027,CA,Inyo,5229
93514,6051,CA,Mono,26582
93635,6047,CA,Merced,283620
93638,6039,CA,Madera,160555
93722,6019,CA,Fresno,987457
93905,6053,CA,Monterey,430564
94080,6081,CA,San Mateo,716065
94112,6075,CA,San Francisco,836321
94533,6095,CA,Solano,449408
94544,6001,CA,Alameda,1670748
94558,6055,CA,Napa,129448
94565,6013,CA,Contra Costa,1167715
94901,6041,CA,Marin,291236
94928,6097,CA,Sonoma,460034
95023,6069,CA,San Benito,63913
95035,6085,CA,Santa Clara,1927325
95076,6087,CA,Santa Cruz,282653
95206,6077,CA,San Joaquin,760267
95223,6003,CA,Alpine,4613
95252,6009,CA,Calaveras,42959
95338,6043,CA,Mariposa,16276
95355,6099,CA,Stanislaus,555777
95370,6109,CA,Tuolumne,55630
95422,6033,CA,Lake,68139
95482,6045,CA,Mendocino,90501
95503,6023,CA,Humboldt,135862
95531,6015,CA,Del Norte,27240
95616,6113,CA,Yolo,219609
95640,6005,CA,Amador,41024
95747,6061,CA,Placer,416027
95762,6017,CA,El Dorado,192322
95823,6067,CA,Sacramento,1585784
95901,6115,CA,Yuba,84388
95926,6007,CA,Butte,209030
95932,6011,CA,Colusa,21447
95945,6057,CA,Nevada,96827
95963,6021,CA,Glenn,30076
95971,6063,CA,Plumas,18199
95991,6101,CA,Sutter,98429
96003,6089,CA,Shasta,172254
96080,6103,CA,Tehama,72643
96093,6105,CA,Trinity,15544
96097,6093,CA,Siskiyou,42931
96101,6049,CA,Modoc,9329
96118,6091,CA,Sierra,3089
96130,6035,CA,Lassen,33734
96706,15003,HI,Honolulu,1003666
96720,15001,HI,Hawaii,203684
96742,15005,HI,Kalawao,43
96746,15007,HI,Kauai,73610
96793,15009,HI,Maui,164632
97031,41027,OR,Hood River,24046
97045,41005,OR,Clackamas,414101
97051,41009,OR,Columbia,54388
97058,41065,OR,Wasco,29263
97065,41055,OR,Sherman,1908
97103,41007,OR,Clatsop,40532
97128,41071,OR,Yamhill,109718
97141,41057,OR,Tillamook,27395
97206,41051,OR,Multnomah,796665
97229,41067,OR,Washington,613964
97301,41047,OR,Marion,352625
97304,41053,OR,Polk,85069
97322,41043,OR,Linn,144459
97330,41003,OR,Benton,85644
97367,41041,OR,Lincoln,49166
97402,41039,OR,Lane,385047
97415,41015,OR,Curry,23473
97420,41011,OR,Coos,64844
97471,41019,OR,Douglas,111392
97504,41029,OR,Jackson,221558
97527,41033,OR,Josephine,89074
97603,41035,OR,Klamath,67682
97630,41037,OR,Lake,8384
97702,41017,OR,Deschutes,202344
97720,41025,OR,Harney,7515
97741,41031,OR,Jefferson,17725
97754,41013,OR,Crook,25523
97812,41021,OR,Gilliam,1980
97814,41001,OR,Baker,16595
97818,41049,OR,Morrow,12211
97828,41063,OR,Wallowa,7532
97830,41069,OR,Wheeler,1430
97838,41059,OR,Umatilla,80122
97845,41023,OR,Grant,7431
97850,41061,OR,Union,26236
97914,41045,OR,Malheur,31714
98012,53061,WA,Snohomish,831810
98052,53033,WA,King,2274423
98225,53073,WA,Whatcom,226483
98250,53055,WA,San Juan,18086
98273,53057,WA,Skagit,131941
98277,53029,WA,Island,86747
98366,53035,WA,Kitsap,276228
98368,53031,WA,Jefferson,37552
98382,53009,WA,Clallam,73354
98391,53053,WA,Pierce,916052
98501,53067,WA,Thurston,294708
98520,53027,WA,Grays Harbor,77475
98531,53041,WA,Lewis,85796
98577,53049,WA,Pacific,24705
98584,53045,WA,Mason,65451
98612,53069,WA,Wahkiakum,4150
98620,53039,WA,Klickitat,22303
98632,53015,WA,Cowlitz,115695
98648,53059,WA,Skamania,9860
98682,53011,WA,Clark,509515
98801,53007,WA,Chelan,79575
98802,53017,WA,Douglas,44945
98837,53025,WA,Grant,96593
98841,53047,WA,Okanogan,43606
98902,53077,WA,Yakima,233507
98926,53037,WA,Kittitas,44696
99114,53065,WA,Stevens,33664
99122,53043,WA,Lincoln,11827
99141,53019,WA,Ferry,12522
99156,53051,WA,Pend Oreille,12948
99163,53075,WA,Whitman,47251
99208,53063,WA,Spokane,553142
99301,53021,WA,Franklin,96911
99328,53013,WA,Columbia,3702
99336,53005,WA,Benton,233336
99344,53001,WA,Adams,23143
99347,53023,WA,Garfield,2467
99362,53071,WA,Walla Walla,62244
99403,53003,WA,Asotin,22460
99503,2050,AK,Bethel,31378
99504,2020,AK,Anchorage,283115
99576,2070,AK,Dillingham,4780
99611,2122,AK,Kenai Peninsula,59843
99612,2013,AK,Aleutians East,3423
99613,2164,AK,Lake and Peninsula,1317
99615,2150,AK,Kodiak Island,12878
99620,2270,AK,Wade Hampton,8216
99633,2060,AK,Bristol Bay,524
99654,2170,AK,Matanuska-Susitna,110798
99685,2016,AK,Aleutians West,5019
99689,2282,AK,Yakutat,506
99701,2290,AK,Yukon-Koyukuk,22581
99709,2090,AK,Fairbanks North Star,78313
99723,2185,AK,North Slope,10620
99737,2240,AK,Southeast Fairbanks,7033
99752,2188,AK,Northwest Arctic,7611
99755,2068,AK,Denali,1811
99762,2180,AK,Nome,9901
99801,2110,AK,Juneau,31959
99827,2100,AK,Haines,2166
99833,2280,AK,Wrangell-Petersburg,5500
99835,2220,AK,Sitka,8393
99840,2232,AK,Skagway-Hoonah-Angoon,3532
99901,2130,AK,Ketchikan Gateway,13875
99921,2201,AK,Prince of Wales-Outer Ketchika,8254
